Using pre-set license
Built from '2022.3/respin/2022.3.62f2-4af31df585-v2' branch; Version is '2022.3.62f3 (96770f904ca7) revision 9860879'; Using compiler version '192829333'; Build Type 'Release'
OS: 'Windows 11  (10.0.26200) 64bit Professional' Language: 'it' Physical Memory: 16284 MB
BatchMode: 1, IsHumanControllingUs: 0, StartBugReporterOnCrash: 0, Is64bit: 1, IsPro: 1

COMMAND LINE ARGUMENTS:
C:\Program Files\Unity\Hub\Editor\2022.3.62f3\Editor\Unity.exe
-adb2
-batchMode
-noUpm
-name
AssetImportWorker1
-projectPath
C:/Users/PaoloCasagrande/Desktop/PROGETTO/ConoscereLaTerra
-logFile
Logs/AssetImportWorker1.log
-srvPort
54666
Successfully changed project path to: C:/Users/PaoloCasagrande/Desktop/PROGETTO/ConoscereLaTerra
C:/Users/PaoloCasagrande/Desktop/PROGETTO/ConoscereLaTerra
[UnityMemory] Configuration Parameters - Can be set up in boot.config
    "memorysetup-bucket-allocator-granularity=16"
    "memorysetup-bucket-allocator-bucket-count=8"
    "memorysetup-bucket-allocator-block-size=33554432"
    "memorysetup-bucket-allocator-block-count=8"
    "memorysetup-main-allocator-block-size=16777216"
    "memorysetup-thread-allocator-block-size=16777216"
    "memorysetup-gfx-main-allocator-block-size=16777216"
    "memorysetup-gfx-thread-allocator-block-size=16777216"
    "memorysetup-cache-allocator-block-size=4194304"
    "memorysetup-typetree-allocator-block-size=2097152"
    "memorysetup-profiler-bucket-allocator-granularity=16"
    "memorysetup-profiler-bucket-allocator-bucket-count=8"
    "memorysetup-profiler-bucket-allocator-block-size=33554432"
    "memorysetup-profiler-bucket-allocator-block-count=8"
    "memorysetup-profiler-allocator-block-size=16777216"
    "memorysetup-profiler-editor-allocator-block-size=1048576"
    "memorysetup-temp-allocator-size-main=16777216"
    "memorysetup-job-temp-allocator-block-size=2097152"
    "memorysetup-job-temp-allocator-block-size-background=1048576"
    "memorysetup-job-temp-allocator-reduction-small-platforms=262144"
    "memorysetup-allocator-temp-initial-block-size-main=262144"
    "memorysetup-allocator-temp-initial-block-size-worker=262144"
    "memorysetup-temp-allocator-size-background-worker=32768"
    "memorysetup-temp-allocator-size-job-worker=262144"
    "memorysetup-temp-allocator-size-preload-manager=33554432"
    "memorysetup-temp-allocator-size-nav-mesh-worker=65536"
    "memorysetup-temp-allocator-size-audio-worker=65536"
    "memorysetup-temp-allocator-size-cloud-worker=32768"
    "memorysetup-temp-allocator-size-gi-baking-worker=262144"
    "memorysetup-temp-allocator-size-gfx=262144"
Player connection [28240]  Target information:

Player connection [28240]  * "[IP] 192.168.4.103 [Port] 0 [Flags] 2 [Guid] 529649358 [EditorId] 529649358 [Version] 1048832 [Id] WindowsEditor(7,PEFOMANS) [Debug] 1 [PackageName] WindowsEditor [ProjectName] Editor" 

Player connection [28240] Host joined multi-casting on [225.0.0.222:54997]...
Player connection [28240] Host joined alternative multi-casting on [225.0.0.222:34997]...
Input System module state changed to: Initialized.
[PhysX] Initialized MultithreadedTaskDispatcher with 12 workers.
Refreshing native plugins compatible for Editor in 78.72 ms, found 13 plugins.
Preloading 1 native plugins for Editor in 1.50 ms.
Initialize engine version: 2022.3.62f3 (96770f904ca7)
[Subsystems] Discovering subsystems at path C:/Program Files/Unity/Hub/Editor/2022.3.62f3/Editor/Data/Resources/UnitySubsystems
[Subsystems] Discovering subsystems at path C:/Users/PaoloCasagrande/Desktop/PROGETTO/ConoscereLaTerra/Assets
GfxDevice: creating device client; threaded=0; jobified=0
Direct3D:
    Version:  Direct3D 11.0 [level 11.1]
    Renderer: NVIDIA GeForce GTX 1080 (ID=0x1b80)
    Vendor:   NVIDIA
    VRAM:     8059 MB
    Driver:   32.0.15.8228
Initialize mono
Mono path[0] = 'C:/Program Files/Unity/Hub/Editor/2022.3.62f3/Editor/Data/Managed'
Mono path[1] = 'C:/Program Files/Unity/Hub/Editor/2022.3.62f3/Editor/Data/MonoBleedingEdge/lib/mono/unityjit-win32'
Mono config path = 'C:/Program Files/Unity/Hub/Editor/2022.3.62f3/Editor/Data/MonoBleedingEdge/etc'
Using monoOptions --debugger-agent=transport=dt_socket,embedding=1,server=y,suspend=n,address=127.0.0.1:56692
Begin MonoManager ReloadAssembly
Registering precompiled unity dll's ...
Register platform support module: C:/Program Files/Unity/Hub/Editor/2022.3.62f3/Editor/Data/PlaybackEngines/AndroidPlayer/UnityEditor.Android.Extensions.dll
Register platform support module: C:/Program Files/Unity/Hub/Editor/2022.3.62f3/Editor/Data/PlaybackEngines/WindowsStandaloneSupport/UnityEditor.WindowsStandalone.Extensions.dll
Registered in 0.031808 seconds.
- Loaded All Assemblies, in  0.607 seconds
Native extension for WindowsStandalone target not found
Native extension for Android target not found
Android Extension - Scanning For ADB Devices 523 ms
Mono: successfully reloaded assembly
- Finished resetting the current domain, in  0.999 seconds
Domain Reload Profiling: 1599ms
	BeginReloadAssembly (190ms)
		ExecutionOrderSort (0ms)
		DisableScriptedObjects (0ms)
		BackupInstance (0ms)
		ReleaseScriptingObjects (0ms)
		CreateAndSetChildDomain (2ms)
	RebuildCommonClasses (57ms)
	RebuildNativeTypeToScriptingClass (15ms)
	initialDomainReloadingComplete (118ms)
	LoadAllAssembliesAndSetupDomain (220ms)
		LoadAssemblies (183ms)
		RebuildTransferFunctionScriptingTraits (0ms)
		AnalyzeDomain (216ms)
			TypeCache.Refresh (214ms)
				TypeCache.ScanAssembly (195ms)
			ScanForSourceGeneratedMonoScriptInfo (0ms)
			ResolveRequiredComponents (1ms)
	FinalizeReload (1000ms)
		ReleaseScriptCaches (0ms)
		RebuildScriptCaches (0ms)
		SetupLoadedEditorAssemblies (933ms)
			LogAssemblyErrors (0ms)
			InitializePlatformSupportModulesInManaged (671ms)
			SetLoadedEditorAssemblies (5ms)
			RefreshPlugins (0ms)
			BeforeProcessingInitializeOnLoad (3ms)
			ProcessInitializeOnLoadAttributes (174ms)
			ProcessInitializeOnLoadMethodAttributes (78ms)
			AfterProcessingInitializeOnLoad (0ms)
			EditorAssembliesLoaded (0ms)
		ExecutionOrderSort2 (0ms)
		AwakeInstancesAfterBackupRestoration (0ms)
========================================================================
Worker process is ready to serve import requests
Caller must complete domain reload
Begin MonoManager ReloadAssembly
- Loaded All Assemblies, in  1.274 seconds
Native extension for WindowsStandalone target not found
Native extension for Android target not found
System.Reflection.TargetInvocationException: Exception has been thrown by the target of an invocation. ---> System.NullReferenceException: Object reference not set to an instance of an object
  at Unity.XR.Oculus.OculusLoader.AssetPathToAbsolutePath (System.String assetPath) [0x0003d] in .\Library\PackageCache\com.unity.xr.oculus@4.5.4\Runtime\OculusLoader.cs:312 
  at Unity.XR.Oculus.OculusLoader.EditorLoadOVRPlugin () [0x0008c] in .\Library\PackageCache\com.unity.xr.oculus@4.5.4\Runtime\OculusLoader.cs:297 
  at (wrapper managed-to-native) System.Reflection.RuntimeMethodInfo.InternalInvoke(System.Reflection.RuntimeMethodInfo,object,object[],System.Exception&)
  at System.Reflection.RuntimeMethodInfo.Invoke (System.Object obj, System.Reflection.BindingFlags invokeAttr, System.Reflection.Binder binder, System.Object[] parameters, System.Globalization.CultureInfo culture) [0x0006a] in <1071a2cb0cb3433aae80a793c277a048>:0 
   --- End of inner exception stack trace ---
  at System.Reflection.RuntimeMethodInfo.Invoke (System.Object obj, System.Reflection.BindingFlags invokeAttr, System.Reflection.Binder binder, System.Object[] parameters, System.Globalization.CultureInfo culture) [0x00083] in <1071a2cb0cb3433aae80a793c277a048>:0 
  at System.Reflection.MethodBase.Invoke (System.Object obj, System.Object[] parameters) [0x00000] in <1071a2cb0cb3433aae80a793c277a048>:0 
  at UnityEditor.EditorAssemblies.ProcessInitializeOnLoadMethodAttributes () [0x000a5] in <4b8f645257c94d1296f440a10c6f388e>:0 
UnityEngine.StackTraceUtility:ExtractStackTrace ()
UnityEngine.DebugLogHandler:LogFormat (UnityEngine.LogType,UnityEngine.Object,string,object[])
UnityEngine.Logger:Log (UnityEngine.LogType,object)
UnityEngine.Debug:LogError (object)
UnityEditor.EditorAssemblies:ProcessInitializeOnLoadMethodAttributes ()

Mono: successfully reloaded assembly
Package Manager log level set to [2]
[Package Manager] Server::EnsureServerProcessIsRunning -- launch failed, reason: Unity was launched with the -noUpm command-line argument
[Package Manager] UpmClient::Send -- Unable to send message (not connected to UPM process).
[Package Manager] Cannot connect to Unity Package Manager local server
[Package Manager] Server::EnsureServerProcessIsRunning -- launch failed, reason: Unity was launched with the -noUpm command-line argument
[Package Manager] UpmClient::Send -- Unable to send message (not connected to UPM process).
[Package Manager] Cannot connect to Unity Package Manager local server
- Finished resetting the current domain, in  1.262 seconds
Domain Reload Profiling: 2520ms
	BeginReloadAssembly (245ms)
		ExecutionOrderSort (0ms)
		DisableScriptedObjects (8ms)
		BackupInstance (0ms)
		ReleaseScriptingObjects (0ms)
		CreateAndSetChildDomain (33ms)
	RebuildCommonClasses (52ms)
	RebuildNativeTypeToScriptingClass (15ms)
	initialDomainReloadingComplete (80ms)
	LoadAllAssembliesAndSetupDomain (866ms)
		LoadAssemblies (630ms)
		RebuildTransferFunctionScriptingTraits (0ms)
		AnalyzeDomain (388ms)
			TypeCache.Refresh (329ms)
				TypeCache.ScanAssembly (302ms)
			ScanForSourceGeneratedMonoScriptInfo (41ms)
			ResolveRequiredComponents (13ms)
	FinalizeReload (1262ms)
		ReleaseScriptCaches (0ms)
		RebuildScriptCaches (0ms)
		SetupLoadedEditorAssemblies (981ms)
			LogAssemblyErrors (0ms)
			InitializePlatformSupportModulesInManaged (45ms)
			SetLoadedEditorAssemblies (7ms)
			RefreshPlugins (0ms)
			BeforeProcessingInitializeOnLoad (167ms)
			ProcessInitializeOnLoadAttributes (554ms)
			ProcessInitializeOnLoadMethodAttributes (185ms)
			AfterProcessingInitializeOnLoad (23ms)
			EditorAssembliesLoaded (0ms)
		ExecutionOrderSort2 (0ms)
		AwakeInstancesAfterBackupRestoration (14ms)
Launched and connected shader compiler UnityShaderCompiler.exe after 0.06 seconds
Refreshing native plugins compatible for Editor in 47.31 ms, found 13 plugins.
Preloading 1 native plugins for Editor in 0.16 ms.
Unloading 5861 Unused Serialized files (Serialized files now loaded: 0)
Unloading 87 unused Assets / (415.6 KB). Loaded Objects now: 6308.
Memory consumption went from 187.3 MB to 186.9 MB.
Total: 5.268200 ms (FindLiveObjects: 0.542100 ms CreateObjectMapping: 0.284200 ms MarkObjects: 3.900600 ms  DeleteObjects: 0.540100 ms)

AssetImportParameters requested are different than current active one (requested -> active):
  custom:container-demuxer-ogg: 62fdf1f143b41e24485cea50d1cbac27 -> 
  custom:video-decoder-ogg-theora: a1e56fd34408186e4bbccfd4996cb3dc -> 
  custom:framework-win-MediaFoundation: 216162199b28c13a410421893ffa2e32 -> 
  custom:CustomObjectIndexerAttribute: 9a22284fe3817be447336de3de66b15e -> 
  custom:container-demuxer-webm: 4f35f7cbe854078d1ac9338744f61a02 -> 
  custom:container-muxer-webm: aa71ff27fc2769a1b78a27578f13a17b -> 
  custom:video-decoder-webm-vp8: 9c59270c3fd7afecdb556c50c9e8de78 -> 
  custom:SearchIndexIgnoredProperties: e643bd26f0fe6173181afceb89e7c659 -> 
  custom:AudioImporter_EditorPlatform: d09bf68614088b80899f8185d706f6e7 -> 
  custom:video-encoder-webm-vp8: eb34c28f22e8b96e1ab97ce403110664 -> 
  custom:audio-decoder-ogg-vorbis: bf7c407c2cedff20999df2af8eb42d56 -> 
  custom:audio-encoder-webm-vorbis: bf7c407c2cedff20999df2af8eb42d56 -> 
========================================================================
Received Import Request.
  Time since last request: 972861.721851 seconds.
  path: Assets/maanetorn/Farm Game UI - Simple 2D UI/Sprites/256x256/button_red_default_2.png
  artifactKey: Guid(e7cc71f7591cdfc4584df69c9acce28a) Importer(815301076,1909f56bfc062723c751e8b465ee728b)
Start importing Assets/maanetorn/Farm Game UI - Simple 2D UI/Sprites/256x256/button_red_default_2.png using Guid(e7cc71f7591cdfc4584df69c9acce28a) Importer(815301076,1909f56bfc062723c751e8b465ee728b) [PhysX] Initialized MultithreadedTaskDispatcher with 12 workers.
[PhysX] Initialized MultithreadedTaskDispatcher with 12 workers.
 -> (artifact id: 'aa790cad090b77aeeb4b64380cc7b1ff') in 0.145321 seconds
Number of updated asset objects reloaded before import = 0
Number of asset objects unloaded after import = 3
========================================================================
Received Import Request.
  Time since last request: 0.000044 seconds.
  path: Assets/maanetorn/Farm Game UI - Simple 2D UI/Sprites/256x256/panel_2.png
  artifactKey: Guid(1d7501232a26f3d4ba68eb61c8ac5dcf) Importer(815301076,1909f56bfc062723c751e8b465ee728b)
Start importing Assets/maanetorn/Farm Game UI - Simple 2D UI/Sprites/256x256/panel_2.png using Guid(1d7501232a26f3d4ba68eb61c8ac5dcf) Importer(815301076,1909f56bfc062723c751e8b465ee728b) [PhysX] Initialized MultithreadedTaskDispatcher with 12 workers.
[PhysX] Initialized MultithreadedTaskDispatcher with 12 workers.
 -> (artifact id: '80bd4042bd59096b27d54da0cc8eac44') in 0.013631 seconds
Number of updated asset objects reloaded before import = 0
Number of asset objects unloaded after import = 3
========================================================================
Received Import Request.
  Time since last request: 0.000019 seconds.
  path: Assets/maanetorn/Farm Game UI - Simple 2D UI/Sprites/256x256/panel_title_with_stroke_2.png
  artifactKey: Guid(6e8cf939ed5c6a64983e9af4004e63c3) Importer(815301076,1909f56bfc062723c751e8b465ee728b)
Start importing Assets/maanetorn/Farm Game UI - Simple 2D UI/Sprites/256x256/panel_title_with_stroke_2.png using Guid(6e8cf939ed5c6a64983e9af4004e63c3) Importer(815301076,1909f56bfc062723c751e8b465ee728b) [PhysX] Initialized MultithreadedTaskDispatcher with 12 workers.
[PhysX] Initialized MultithreadedTaskDispatcher with 12 workers.
 -> (artifact id: '7f4a2045a0a83e956f1a5251e3d09e8f') in 0.016375 seconds
Number of updated asset objects reloaded before import = 0
Number of asset objects unloaded after import = 3
========================================================================
Received Import Request.
  Time since last request: 0.000024 seconds.
  path: Assets/Samples/XR Interaction Toolkit/2.6.5/Starter Assets/DemoSceneAssets/Sprites/Round Radius 4 Outline.png
  artifactKey: Guid(b7bad1260586fa746a0b67e930892936) Importer(815301076,1909f56bfc062723c751e8b465ee728b)
Start importing Assets/Samples/XR Interaction Toolkit/2.6.5/Starter Assets/DemoSceneAssets/Sprites/Round Radius 4 Outline.png using Guid(b7bad1260586fa746a0b67e930892936) Importer(815301076,1909f56bfc062723c751e8b465ee728b) [PhysX] Initialized MultithreadedTaskDispatcher with 12 workers.
[PhysX] Initialized MultithreadedTaskDispatcher with 12 workers.
 -> (artifact id: '92e2e2e2063bac1f6df28f804fc9d1e4') in 0.016601 seconds
Number of updated asset objects reloaded before import = 0
Number of asset objects unloaded after import = 3
========================================================================
Received Import Request.
  Time since last request: 0.001223 seconds.
  path: Assets/maanetorn/Farm Game UI - Simple 2D UI/Sprites/256x256/button_purple_default_2.png
  artifactKey: Guid(11d6874f56486e342aee373a9becbe2d) Importer(815301076,1909f56bfc062723c751e8b465ee728b)
Start importing Assets/maanetorn/Farm Game UI - Simple 2D UI/Sprites/256x256/button_purple_default_2.png using Guid(11d6874f56486e342aee373a9becbe2d) Importer(815301076,1909f56bfc062723c751e8b465ee728b) [PhysX] Initialized MultithreadedTaskDispatcher with 12 workers.
[PhysX] Initialized MultithreadedTaskDispatcher with 12 workers.
 -> (artifact id: '1c494f1543cdb6a5853014c463b6e8cf') in 0.020004 seconds
Number of updated asset objects reloaded before import = 0
Number of asset objects unloaded after import = 3
========================================================================
Received Import Request.
  Time since last request: 0.000019 seconds.
  path: Assets/Samples/XR Interaction Toolkit/2.6.5/Starter Assets/DemoSceneAssets/Sprites/Asset.png
  artifactKey: Guid(17d565bb4a7744b41b7e4dc7e3a09e35) Importer(815301076,1909f56bfc062723c751e8b465ee728b)
Start importing Assets/Samples/XR Interaction Toolkit/2.6.5/Starter Assets/DemoSceneAssets/Sprites/Asset.png using Guid(17d565bb4a7744b41b7e4dc7e3a09e35) Importer(815301076,1909f56bfc062723c751e8b465ee728b) [PhysX] Initialized MultithreadedTaskDispatcher with 12 workers.
[PhysX] Initialized MultithreadedTaskDispatcher with 12 workers.
 -> (artifact id: '69b5a1d897e5750ade9abf32d8790b80') in 0.015886 seconds
Number of updated asset objects reloaded before import = 0
Number of asset objects unloaded after import = 3
========================================================================
Received Import Request.
  Time since last request: 0.000019 seconds.
  path: Assets/maanetorn/Farm Game UI - Simple 2D UI/Sprites/128x128/slider_fill_1.png
  artifactKey: Guid(537e531d04fa12f4e82992729488ad91) Importer(815301076,1909f56bfc062723c751e8b465ee728b)
Start importing Assets/maanetorn/Farm Game UI - Simple 2D UI/Sprites/128x128/slider_fill_1.png using Guid(537e531d04fa12f4e82992729488ad91) Importer(815301076,1909f56bfc062723c751e8b465ee728b) [PhysX] Initialized MultithreadedTaskDispatcher with 12 workers.
[PhysX] Initialized MultithreadedTaskDispatcher with 12 workers.
 -> (artifact id: '052eff91b1b3f5d54df75dcc8cd959f0') in 0.019480 seconds
Number of updated asset objects reloaded before import = 0
Number of asset objects unloaded after import = 3
========================================================================
Received Import Request.
  Time since last request: 0.000018 seconds.
  path: Assets/maanetorn/Farm Game UI - Simple 2D UI/Sprites/256x256/button_green_pressed_2.png
  artifactKey: Guid(7f85979030a88974992ae57906f3b04a) Importer(815301076,1909f56bfc062723c751e8b465ee728b)
Start importing Assets/maanetorn/Farm Game UI - Simple 2D UI/Sprites/256x256/button_green_pressed_2.png using Guid(7f85979030a88974992ae57906f3b04a) Importer(815301076,1909f56bfc062723c751e8b465ee728b) [PhysX] Initialized MultithreadedTaskDispatcher with 12 workers.
[PhysX] Initialized MultithreadedTaskDispatcher with 12 workers.
 -> (artifact id: '601109f7bc5f94cc3046d76c5c096a9c') in 0.012787 seconds
Number of updated asset objects reloaded before import = 0
Number of asset objects unloaded after import = 3
========================================================================
Received Import Request.
  Time since last request: 0.000024 seconds.
  path: Assets/maanetorn/Farm Game UI - Simple 2D UI/Sprites/256x256/button_yellow_pressed_2.png
  artifactKey: Guid(a8aa511ef75cdd84ca98b1e39ff9d760) Importer(815301076,1909f56bfc062723c751e8b465ee728b)
Start importing Assets/maanetorn/Farm Game UI - Simple 2D UI/Sprites/256x256/button_yellow_pressed_2.png using Guid(a8aa511ef75cdd84ca98b1e39ff9d760) Importer(815301076,1909f56bfc062723c751e8b465ee728b) [PhysX] Initialized MultithreadedTaskDispatcher with 12 workers.
[PhysX] Initialized MultithreadedTaskDispatcher with 12 workers.
 -> (artifact id: 'e9b64eddc6f18dbbede41d327ea28d55') in 0.015563 seconds
Number of updated asset objects reloaded before import = 0
Number of asset objects unloaded after import = 3
========================================================================
Received Import Request.
  Time since last request: 0.000017 seconds.
  path: Assets/maanetorn/Farm Game UI - Simple 2D UI/Sprites/128x128/icon_flour_1.png
  artifactKey: Guid(5c5990150ba0e0a41b47b39566019be3) Importer(815301076,1909f56bfc062723c751e8b465ee728b)
Start importing Assets/maanetorn/Farm Game UI - Simple 2D UI/Sprites/128x128/icon_flour_1.png using Guid(5c5990150ba0e0a41b47b39566019be3) Importer(815301076,1909f56bfc062723c751e8b465ee728b) [PhysX] Initialized MultithreadedTaskDispatcher with 12 workers.
[PhysX] Initialized MultithreadedTaskDispatcher with 12 workers.
 -> (artifact id: 'f85257312cb637bcf81de62afb839c30') in 0.016554 seconds
Number of updated asset objects reloaded before import = 0
Number of asset objects unloaded after import = 3
========================================================================
Received Import Request.
  Time since last request: 0.000022 seconds.
  path: Assets/maanetorn/Farm Game UI - Simple 2D UI/Sprites/128x128/button_purple_pressed_1.png
  artifactKey: Guid(ec893ea9c9fd62f41833d0b2c469a876) Importer(815301076,1909f56bfc062723c751e8b465ee728b)
Start importing Assets/maanetorn/Farm Game UI - Simple 2D UI/Sprites/128x128/button_purple_pressed_1.png using Guid(ec893ea9c9fd62f41833d0b2c469a876) Importer(815301076,1909f56bfc062723c751e8b465ee728b) [PhysX] Initialized MultithreadedTaskDispatcher with 12 workers.
[PhysX] Initialized MultithreadedTaskDispatcher with 12 workers.
 -> (artifact id: 'bff91d55d9b7c9c4b64d5cad18e8c100') in 0.012168 seconds
Number of updated asset objects reloaded before import = 0
Number of asset objects unloaded after import = 3
========================================================================
Received Import Request.
  Time since last request: 0.000022 seconds.
  path: Assets/maanetorn/Farm Game UI - Simple 2D UI/Sprites/128x128/button_red_default_1.png
  artifactKey: Guid(9f28b5ff2e4c35b478809f6c29faf2cd) Importer(815301076,1909f56bfc062723c751e8b465ee728b)
Start importing Assets/maanetorn/Farm Game UI - Simple 2D UI/Sprites/128x128/button_red_default_1.png using Guid(9f28b5ff2e4c35b478809f6c29faf2cd) Importer(815301076,1909f56bfc062723c751e8b465ee728b) [PhysX] Initialized MultithreadedTaskDispatcher with 12 workers.
[PhysX] Initialized MultithreadedTaskDispatcher with 12 workers.
 -> (artifact id: '571a81da1b17ae70ad92cd61d9a2549d') in 0.012640 seconds
Number of updated asset objects reloaded before import = 0
Number of asset objects unloaded after import = 3
========================================================================
Received Import Request.
  Time since last request: 0.000019 seconds.
  path: Assets/maanetorn/Farm Game UI - Simple 2D UI/Sprites/128x128/button_green_default_1.png
  artifactKey: Guid(2d43c24dc0f08804996ee9fd1a43a3d2) Importer(815301076,1909f56bfc062723c751e8b465ee728b)
Start importing Assets/maanetorn/Farm Game UI - Simple 2D UI/Sprites/128x128/button_green_default_1.png using Guid(2d43c24dc0f08804996ee9fd1a43a3d2) Importer(815301076,1909f56bfc062723c751e8b465ee728b) [PhysX] Initialized MultithreadedTaskDispatcher with 12 workers.
[PhysX] Initialized MultithreadedTaskDispatcher with 12 workers.
 -> (artifact id: '41a2571caf3e063b64b24a43f441ee5b') in 0.011655 seconds
Number of updated asset objects reloaded before import = 0
Number of asset objects unloaded after import = 3
========================================================================
Received Prepare
Caller must complete domain reload
Begin MonoManager ReloadAssembly
- Loaded All Assemblies, in  0.887 seconds
Native extension for WindowsStandalone target not found
Native extension for Android target not found
System.Reflection.TargetInvocationException: Exception has been thrown by the target of an invocation. ---> System.NullReferenceException: Object reference not set to an instance of an object
  at Unity.XR.Oculus.OculusLoader.AssetPathToAbsolutePath (System.String assetPath) [0x0003d] in .\Library\PackageCache\com.unity.xr.oculus@4.5.4\Runtime\OculusLoader.cs:312 
  at Unity.XR.Oculus.OculusLoader.EditorLoadOVRPlugin () [0x0008c] in .\Library\PackageCache\com.unity.xr.oculus@4.5.4\Runtime\OculusLoader.cs:297 
  at (wrapper managed-to-native) System.Reflection.RuntimeMethodInfo.InternalInvoke(System.Reflection.RuntimeMethodInfo,object,object[],System.Exception&)
  at System.Reflection.RuntimeMethodInfo.Invoke (System.Object obj, System.Reflection.BindingFlags invokeAttr, System.Reflection.Binder binder, System.Object[] parameters, System.Globalization.CultureInfo culture) [0x0006a] in <1071a2cb0cb3433aae80a793c277a048>:0 
   --- End of inner exception stack trace ---
  at System.Reflection.RuntimeMethodInfo.Invoke (System.Object obj, System.Reflection.BindingFlags invokeAttr, System.Reflection.Binder binder, System.Object[] parameters, System.Globalization.CultureInfo culture) [0x00083] in <1071a2cb0cb3433aae80a793c277a048>:0 
  at System.Reflection.MethodBase.Invoke (System.Object obj, System.Object[] parameters) [0x00000] in <1071a2cb0cb3433aae80a793c277a048>:0 
  at UnityEditor.EditorAssemblies.ProcessInitializeOnLoadMethodAttributes () [0x000a5] in <4b8f645257c94d1296f440a10c6f388e>:0 
UnityEngine.StackTraceUtility:ExtractStackTrace ()
UnityEngine.DebugLogHandler:LogFormat (UnityEngine.LogType,UnityEngine.Object,string,object[])
UnityEngine.Logger:Log (UnityEngine.LogType,object)
UnityEngine.Debug:LogError (object)
UnityEditor.EditorAssemblies:ProcessInitializeOnLoadMethodAttributes ()

Mono: successfully reloaded assembly
[Package Manager] Server::EnsureServerProcessIsRunning -- launch failed, reason: Unity was launched with the -noUpm command-line argument
[Package Manager] UpmClient::Send -- Unable to send message (not connected to UPM process).
[Package Manager] Cannot connect to Unity Package Manager local server
- Finished resetting the current domain, in  2.526 seconds
Domain Reload Profiling: 3396ms
	BeginReloadAssembly (284ms)
		ExecutionOrderSort (0ms)
		DisableScriptedObjects (6ms)
		BackupInstance (0ms)
		ReleaseScriptingObjects (0ms)
		CreateAndSetChildDomain (65ms)
	RebuildCommonClasses (48ms)
	RebuildNativeTypeToScriptingClass (16ms)
	initialDomainReloadingComplete (56ms)
	LoadAllAssembliesAndSetupDomain (465ms)
		LoadAssemblies (585ms)
		RebuildTransferFunctionScriptingTraits (0ms)
		AnalyzeDomain (25ms)
			TypeCache.Refresh (9ms)
				TypeCache.ScanAssembly (0ms)
			ScanForSourceGeneratedMonoScriptInfo (0ms)
			ResolveRequiredComponents (14ms)
	FinalizeReload (2527ms)
		ReleaseScriptCaches (0ms)
		RebuildScriptCaches (0ms)
		SetupLoadedEditorAssemblies (885ms)
			LogAssemblyErrors (0ms)
			InitializePlatformSupportModulesInManaged (38ms)
			SetLoadedEditorAssemblies (5ms)
			RefreshPlugins (0ms)
			BeforeProcessingInitializeOnLoad (148ms)
			ProcessInitializeOnLoadAttributes (497ms)
			ProcessInitializeOnLoadMethodAttributes (174ms)
			AfterProcessingInitializeOnLoad (23ms)
			EditorAssembliesLoaded (0ms)
		ExecutionOrderSort2 (0ms)
		AwakeInstancesAfterBackupRestoration (16ms)
Refreshing native plugins compatible for Editor in 45.65 ms, found 13 plugins.
Preloading 1 native plugins for Editor in 0.17 ms.
Unloading 5827 Unused Serialized files (Serialized files now loaded: 0)
Unloading 81 unused Assets / (388.6 KB). Loaded Objects now: 6319.
Memory consumption went from 184.3 MB to 183.9 MB.
Total: 4.486100 ms (FindLiveObjects: 0.556500 ms CreateObjectMapping: 0.370400 ms MarkObjects: 3.349300 ms  DeleteObjects: 0.208800 ms)

Prepare: number of updated asset objects reloaded= 0
AssetImportParameters requested are different than current active one (requested -> active):
  custom:container-demuxer-ogg: 62fdf1f143b41e24485cea50d1cbac27 -> 
  custom:video-decoder-ogg-theora: a1e56fd34408186e4bbccfd4996cb3dc -> 
  custom:framework-win-MediaFoundation: 216162199b28c13a410421893ffa2e32 -> 
  custom:CustomObjectIndexerAttribute: 9a22284fe3817be447336de3de66b15e -> 
  custom:container-demuxer-webm: 4f35f7cbe854078d1ac9338744f61a02 -> 
  custom:container-muxer-webm: aa71ff27fc2769a1b78a27578f13a17b -> 
  custom:video-decoder-webm-vp8: 9c59270c3fd7afecdb556c50c9e8de78 -> 
  custom:SearchIndexIgnoredProperties: e643bd26f0fe6173181afceb89e7c659 -> 
  custom:AudioImporter_EditorPlatform: d09bf68614088b80899f8185d706f6e7 -> 
  custom:video-encoder-webm-vp8: eb34c28f22e8b96e1ab97ce403110664 -> 
  custom:audio-decoder-ogg-vorbis: bf7c407c2cedff20999df2af8eb42d56 -> 
  custom:audio-encoder-webm-vorbis: bf7c407c2cedff20999df2af8eb42d56 -> 
========================================================================
Received Prepare
Caller must complete domain reload
Begin MonoManager ReloadAssembly
- Loaded All Assemblies, in  0.835 seconds
Native extension for WindowsStandalone target not found
Native extension for Android target not found
System.Reflection.TargetInvocationException: Exception has been thrown by the target of an invocation. ---> System.NullReferenceException: Object reference not set to an instance of an object
  at Unity.XR.Oculus.OculusLoader.AssetPathToAbsolutePath (System.String assetPath) [0x0003d] in .\Library\PackageCache\com.unity.xr.oculus@4.5.4\Runtime\OculusLoader.cs:312 
  at Unity.XR.Oculus.OculusLoader.EditorLoadOVRPlugin () [0x0008c] in .\Library\PackageCache\com.unity.xr.oculus@4.5.4\Runtime\OculusLoader.cs:297 
  at (wrapper managed-to-native) System.Reflection.RuntimeMethodInfo.InternalInvoke(System.Reflection.RuntimeMethodInfo,object,object[],System.Exception&)
  at System.Reflection.RuntimeMethodInfo.Invoke (System.Object obj, System.Reflection.BindingFlags invokeAttr, System.Reflection.Binder binder, System.Object[] parameters, System.Globalization.CultureInfo culture) [0x0006a] in <1071a2cb0cb3433aae80a793c277a048>:0 
   --- End of inner exception stack trace ---
  at System.Reflection.RuntimeMethodInfo.Invoke (System.Object obj, System.Reflection.BindingFlags invokeAttr, System.Reflection.Binder binder, System.Object[] parameters, System.Globalization.CultureInfo culture) [0x00083] in <1071a2cb0cb3433aae80a793c277a048>:0 
  at System.Reflection.MethodBase.Invoke (System.Object obj, System.Object[] parameters) [0x00000] in <1071a2cb0cb3433aae80a793c277a048>:0 
  at UnityEditor.EditorAssemblies.ProcessInitializeOnLoadMethodAttributes () [0x000a5] in <4b8f645257c94d1296f440a10c6f388e>:0 
UnityEngine.StackTraceUtility:ExtractStackTrace ()
UnityEngine.DebugLogHandler:LogFormat (UnityEngine.LogType,UnityEngine.Object,string,object[])
UnityEngine.Logger:Log (UnityEngine.LogType,object)
UnityEngine.Debug:LogError (object)
UnityEditor.EditorAssemblies:ProcessInitializeOnLoadMethodAttributes ()

Mono: successfully reloaded assembly
[Package Manager] Server::EnsureServerProcessIsRunning -- launch failed, reason: Unity was launched with the -noUpm command-line argument
[Package Manager] UpmClient::Send -- Unable to send message (not connected to UPM process).
[Package Manager] Cannot connect to Unity Package Manager local server
- Finished resetting the current domain, in  2.491 seconds
Domain Reload Profiling: 3310ms
	BeginReloadAssembly (257ms)
		ExecutionOrderSort (0ms)
		DisableScriptedObjects (6ms)
		BackupInstance (0ms)
		ReleaseScriptingObjects (0ms)
		CreateAndSetChildDomain (47ms)
	RebuildCommonClasses (47ms)
	RebuildNativeTypeToScriptingClass (14ms)
	initialDomainReloadingComplete (52ms)
	LoadAllAssembliesAndSetupDomain (450ms)
		LoadAssemblies (563ms)
		RebuildTransferFunctionScriptingTraits (0ms)
		AnalyzeDomain (25ms)
			TypeCache.Refresh (9ms)
				TypeCache.ScanAssembly (0ms)
			ScanForSourceGeneratedMonoScriptInfo (0ms)
			ResolveRequiredComponents (14ms)
	FinalizeReload (2491ms)
		ReleaseScriptCaches (0ms)
		RebuildScriptCaches (0ms)
		SetupLoadedEditorAssemblies (853ms)
			LogAssemblyErrors (0ms)
			InitializePlatformSupportModulesInManaged (37ms)
			SetLoadedEditorAssemblies (4ms)
			RefreshPlugins (0ms)
			BeforeProcessingInitializeOnLoad (157ms)
			ProcessInitializeOnLoadAttributes (469ms)
			ProcessInitializeOnLoadMethodAttributes (163ms)
			AfterProcessingInitializeOnLoad (23ms)
			EditorAssembliesLoaded (0ms)
		ExecutionOrderSort2 (0ms)
		AwakeInstancesAfterBackupRestoration (15ms)
Refreshing native plugins compatible for Editor in 43.58 ms, found 13 plugins.
Preloading 1 native plugins for Editor in 0.16 ms.
Unloading 5828 Unused Serialized files (Serialized files now loaded: 0)
Unloading 81 unused Assets / (388.6 KB). Loaded Objects now: 6322.
Memory consumption went from 184.6 MB to 184.2 MB.
Total: 4.693100 ms (FindLiveObjects: 0.599600 ms CreateObjectMapping: 0.338300 ms MarkObjects: 3.554200 ms  DeleteObjects: 0.200000 ms)

Prepare: number of updated asset objects reloaded= 0
AssetImportParameters requested are different than current active one (requested -> active):
  custom:container-demuxer-ogg: 62fdf1f143b41e24485cea50d1cbac27 -> 
  custom:video-decoder-ogg-theora: a1e56fd34408186e4bbccfd4996cb3dc -> 
  custom:framework-win-MediaFoundation: 216162199b28c13a410421893ffa2e32 -> 
  custom:CustomObjectIndexerAttribute: 9a22284fe3817be447336de3de66b15e -> 
  custom:container-demuxer-webm: 4f35f7cbe854078d1ac9338744f61a02 -> 
  custom:container-muxer-webm: aa71ff27fc2769a1b78a27578f13a17b -> 
  custom:video-decoder-webm-vp8: 9c59270c3fd7afecdb556c50c9e8de78 -> 
  custom:SearchIndexIgnoredProperties: e643bd26f0fe6173181afceb89e7c659 -> 
  custom:AudioImporter_EditorPlatform: d09bf68614088b80899f8185d706f6e7 -> 
  custom:video-encoder-webm-vp8: eb34c28f22e8b96e1ab97ce403110664 -> 
  custom:audio-decoder-ogg-vorbis: bf7c407c2cedff20999df2af8eb42d56 -> 
  custom:audio-encoder-webm-vorbis: bf7c407c2cedff20999df2af8eb42d56 -> 
========================================================================
Received Prepare
Caller must complete domain reload
Begin MonoManager ReloadAssembly
Symbol file LoadedFromMemory is not a mono symbol file
- Loaded All Assemblies, in  1.201 seconds
Native extension for WindowsStandalone target not found
Native extension for Android target not found
CoreSettings could not be loaded.
UnityEngine.StackTraceUtility:ExtractStackTrace ()
UnityEngine.DebugLogHandler:LogFormat (UnityEngine.LogType,UnityEngine.Object,string,object[])
UnityEngine.Logger:Log (UnityEngine.LogType,object)
UnityEngine.Debug:LogWarning (object)
ReadyPlayerMe.Core.CoreSettingsHandler:get_CoreSettings () (at ./Library/PackageCache/com.readyplayerme.core@c963f808f6/Runtime/Core/Scripts/CoreSettingsHandler.cs:17)
ReadyPlayerMe.Core.Editor.CoreSettingsLoader:EnsureSettingsExist () (at ./Library/PackageCache/com.readyplayerme.core@c963f808f6/Editor/Core/Scripts/Settings/CoreSettingsLoader.cs:21)
ReadyPlayerMe.Core.Editor.CoreSettingsLoader:.cctor () (at ./Library/PackageCache/com.readyplayerme.core@c963f808f6/Editor/Core/Scripts/Settings/CoreSettingsLoader.cs:16)
System.Runtime.CompilerServices.RuntimeHelpers:RunClassConstructor (System.RuntimeTypeHandle)
UnityEditor.EditorAssemblies:ProcessInitializeOnLoadAttributes (System.Type[])

(Filename: ./Library/PackageCache/com.readyplayerme.core@c963f808f6/Runtime/Core/Scripts/CoreSettingsHandler.cs Line: 17)

[ScriptCompilation] NOT recompiling all scripts because this is an import worker process. Reason to compile was: Define symbols changed
[ScriptCompilation] Requested script compilation because: Requested through public api
[ScriptCompilation] Requested script compilation because: Requested through public api
System.Reflection.TargetInvocationException: Exception has been thrown by the target of an invocation. ---> System.NullReferenceException: Object reference not set to an instance of an object
  at Unity.XR.Oculus.OculusLoader.AssetPathToAbsolutePath (System.String assetPath) [0x0003d] in .\Library\PackageCache\com.unity.xr.oculus@4.5.4\Runtime\OculusLoader.cs:312 
  at Unity.XR.Oculus.OculusLoader.EditorLoadOVRPlugin () [0x0008c] in .\Library\PackageCache\com.unity.xr.oculus@4.5.4\Runtime\OculusLoader.cs:297 
  at (wrapper managed-to-native) System.Reflection.RuntimeMethodInfo.InternalInvoke(System.Reflection.RuntimeMethodInfo,object,object[],System.Exception&)
  at System.Reflection.RuntimeMethodInfo.Invoke (System.Object obj, System.Reflection.BindingFlags invokeAttr, System.Reflection.Binder binder, System.Object[] parameters, System.Globalization.CultureInfo culture) [0x0006a] in <1071a2cb0cb3433aae80a793c277a048>:0 
   --- End of inner exception stack trace ---
  at System.Reflection.RuntimeMethodInfo.Invoke (System.Object obj, System.Reflection.BindingFlags invokeAttr, System.Reflection.Binder binder, System.Object[] parameters, System.Globalization.CultureInfo culture) [0x00083] in <1071a2cb0cb3433aae80a793c277a048>:0 
  at System.Reflection.MethodBase.Invoke (System.Object obj, System.Object[] parameters) [0x00000] in <1071a2cb0cb3433aae80a793c277a048>:0 
  at UnityEditor.EditorAssemblies.ProcessInitializeOnLoadMethodAttributes () [0x000a5] in <4b8f645257c94d1296f440a10c6f388e>:0 
UnityEngine.StackTraceUtility:ExtractStackTrace ()
UnityEngine.DebugLogHandler:LogFormat (UnityEngine.LogType,UnityEngine.Object,string,object[])
UnityEngine.Logger:Log (UnityEngine.LogType,object)
UnityEngine.Debug:LogError (object)
UnityEditor.EditorAssemblies:ProcessInitializeOnLoadMethodAttributes ()

Mono: successfully reloaded assembly
[Package Manager] Server::EnsureServerProcessIsRunning -- launch failed, reason: Unity was launched with the -noUpm command-line argument
[Package Manager] UpmClient::Send -- Unable to send message (not connected to UPM process).
[Package Manager] Cannot connect to Unity Package Manager local server
- Finished resetting the current domain, in  3.219 seconds
Domain Reload Profiling: 4400ms
	BeginReloadAssembly (283ms)
		ExecutionOrderSort (0ms)
		DisableScriptedObjects (6ms)
		BackupInstance (0ms)
		ReleaseScriptingObjects (0ms)
		CreateAndSetChildDomain (48ms)
	RebuildCommonClasses (50ms)
	RebuildNativeTypeToScriptingClass (14ms)
	initialDomainReloadingComplete (57ms)
	LoadAllAssembliesAndSetupDomain (777ms)
		LoadAssemblies (672ms)
		RebuildTransferFunctionScriptingTraits (0ms)
		AnalyzeDomain (257ms)
			TypeCache.Refresh (201ms)
				TypeCache.ScanAssembly (177ms)
			ScanForSourceGeneratedMonoScriptInfo (41ms)
			ResolveRequiredComponents (12ms)
	FinalizeReload (3220ms)
		ReleaseScriptCaches (0ms)
		RebuildScriptCaches (0ms)
		SetupLoadedEditorAssemblies (1213ms)
			LogAssemblyErrors (0ms)
			InitializePlatformSupportModulesInManaged (67ms)
			SetLoadedEditorAssemblies (10ms)
			RefreshPlugins (0ms)
			BeforeProcessingInitializeOnLoad (245ms)
			ProcessInitializeOnLoadAttributes (632ms)
			ProcessInitializeOnLoadMethodAttributes (233ms)
			AfterProcessingInitializeOnLoad (26ms)
			EditorAssembliesLoaded (0ms)
		ExecutionOrderSort2 (0ms)
		AwakeInstancesAfterBackupRestoration (20ms)
Refreshing native plugins compatible for Editor in 48.74 ms, found 13 plugins.
Preloading 1 native plugins for Editor in 0.18 ms.
Unloading 6330 Unused Serialized files (Serialized files now loaded: 0)
Unloading 89 unused Assets / (392.9 KB). Loaded Objects now: 6819.
Memory consumption went from 197.5 MB to 197.1 MB.
Total: 4.886800 ms (FindLiveObjects: 0.543400 ms CreateObjectMapping: 0.306600 ms MarkObjects: 3.828800 ms  DeleteObjects: 0.207000 ms)

Prepare: number of updated asset objects reloaded= 0
AssetImportParameters requested are different than current active one (requested -> active):
  custom:scripting/monoscript/fileName/Common.cs: 6ffc11e45ee8ab7a7d4178988978e63b -> 
  custom:scripting/monoscript/fileName/uint3x3.gen.cs: 46f89d8a7f81b6035a7e26991fbc72e8 -> b354ea0e62ee3ca695eba400f73bf8a2
  custom:scripting/monoscript/fileName/StandardMaterialExport.cs: 592ef7ee80af89dc27f9475aeba8ff99 -> 
  custom:scripting/monoscript/fileName/MaterialTransmission.cs: d420990723615d4dd1898a0acc1ba9db -> 
  custom:scripting/monoscript/fileName/BurstDisassembler.Core.Wasm.info.cs: b15d06942db1ac71042be253eef84e7f -> 
  custom:scripting/monoscript/fileName/GameObjectInstantiator.cs: ec54409074271468670cb43e29b2482a -> 
  custom:scripting/monoscript/fileName/AvatarData.cs: a442d67655afe0fb0120bd9bc52f4057 -> 
  custom:scripting/monoscript/fileName/AnimationUtils.cs: 8f6f25f941ebb934700581795257c3be -> 
  custom:scripting/monoscript/fileName/Image.cs: 57c031c69d708eb6bcb555c142754782 -> f32195bbbc1ca9edcb6c8c6185597e40
  custom:scripting/monoscript/fileName/BurstInspectorGUI.cs: 3b3371d5330c1720f59a915caa210691 -> 
  custom:scripting/monoscript/fileName/RootExtensions.cs: 8dfad5c5c2667e81a494fd72d4ec0c70 -> 
  custom:scripting/monoscript/fileName/UrlProcessor.cs: b2a547705ff72ce8316c5f4d97ba5a50 -> 
  custom:scripting/monoscript/fileName/affine_transform.cs: ea7249476585feff13aa54bd2ccb69b0 -> 
  custom:scripting/monoscript/fileName/Aliasing.cs: fa54b7e36cebab64c6f4b438ce5bbbb0 -> 
  custom:scripting/monoscript/fileName/AvatarPropertiesConstants.cs: cb372aca6083f4ccd3d3b1eeb8bc9307 -> 
  custom:scripting/monoscript/fileName/AvatarAnimationHelper.cs: 5c73e981c3d491430140d12805432fcf -> 
  custom:scripting/monoscript/fileName/uint4x4.gen.cs: 4b02c6eee0f00ce1a388bc44dd5ccc7c -> 7732c53bd697b7eb03dd735297da0fc1
  custom:scripting/monoscript/fileName/ModuleInfo.cs: 92dd1308d5229ca6e9492aa12bde9bd0 -> 
  custom:container-demuxer-ogg: 62fdf1f143b41e24485cea50d1cbac27 -> 
  custom:scripting/monoscript/fileName/SettingsEditor.cs: 27d76a7c53febb83f47af5f3e8612fed -> 
  custom:scripting/monoscript/fileName/v64.cs: 73e2a46ccd31f5cae0a785e2a9658313 -> 
  custom:scripting/monoscript/fileName/BurstDisassembler.Core.x86.cs: b15d06942db1ac71042be253eef84e7f -> 
  custom:scripting/monoscript/fileName/IMaterialGenerator.cs: 234fd68547b0fa280ed333d0ebfbc1af -> 
  custom:scripting/precompiled-assembly-types:Unity.Burst.Unsafe: 4f83dd30d4d7964b63b36d2fe1e95684 -> 
  custom:scripting/monoscript/fileName/RootExtension.cs: c1c9761dce6316305d9d3be37530fa5d -> 
  custom:scripting/monoscript/fileName/BurstDisassembler.Core.LLVMIR.cs: b15d06942db1ac71042be253eef84e7f -> 
  custom:scripting/monoscript/fileName/ValidatorUtil.cs: 5cf1a346b9c7c1185bdf877dceaa4c03 -> 
  custom:scripting/monoscript/fileName/SimdDebugViews.cs: ee065a215655effb5244eeef3e220fd7 -> 
  custom:scripting/monoscript/fileName/BuildPreprocessor.cs: 4ecbc52da22a36063773d1d06ecb8481 -> 
  custom:scripting/monoscript/fileName/IDownload.cs: 363e01430c8bf195a7afc12a5e0ded4e -> 
  custom:scripting/monoscript/fileName/BurstDisassembler.Core.ARM64.cs: b15d06942db1ac71042be253eef84e7f -> 
  custom:scripting/monoscript/fileName/PbrMetallicRoughness.cs: 294ca8c177f33c3089c09acdaf8a254f -> 
  custom:scripting/precompiled-assembly-types:Unity.Burst.Editor: 9700c786cdfeaf9f4017c0c1ac262b4c -> 
  custom:scripting/monoscript/fileName/PbrSpecularGlossiness.cs: 958049b6761c14eb98a23d0f14089167 -> 
  custom:scripting/monoscript/fileName/Bmi1.cs: 790f25d56fba1e7a48c0a0766c0ad6a6 -> 
  custom:scripting/monoscript/fileName/EntryPoint.cs: 040a905e714d2e549d16cd1b5c518ae4 -> 
  custom:scripting/precompiled-assembly-types:ReadyPlayerMe.AvatarCreator.Editor: d25ce4768cd01d5a473611eaf9647219 -> 
  custom:scripting/monoscript/fileName/CacheManager.cs: 7e8e7f4d4093483ae2cbfd66caf15429 -> 
  custom:scripting/monoscript/fileName/AuthDataConverter.cs: 2dd35aea24726f45f9d644e7e29954d3 -> 
  custom:scripting/monoscript/fileName/BurstDisassembler.Core.cs: e5f812d5efcd2a5c78433604ae4d6b38 -> 
  custom:scripting/monoscript/fileName/bool4.gen.cs: 89d5db5b25176f8ce2b31291a8fcf567 -> ca7c0171e1585aef1c2900b66db0977a
  custom:scripting/monoscript/fileName/MaterialExport.cs: ac1fba8dc00b594b8cb81d227f6e6139 -> 
  custom:scripting/monoscript/fileName/UrlConfig.cs: dcc39761095ce0c7defaeb57fc9c05fa -> 
  custom:scripting/monoscript/fileName/BurstLoader.cs: ff77f8ae1ba38c1e7af1923752743ddf -> 
  custom:scripting/monoscript/fileName/float4x3.gen.cs: 5e75d4a49b27c7bfdc5d24ca328726c6 -> 82da2e74a1c9948cc673acd7425c23e5
  custom:scripting/monoscript/fileName/float3x4.gen.cs: e028949e7cd389a54d6b8ef7c0e4a804 -> f425eda36f0a9a6a9785ce693ab31c65
  custom:scripting/monoscript/fileName/AvatarConfigMap.cs: 83992d5eb86ab8640d8747916de7fcf1 -> 
  custom:scripting/monoscript/fileName/math_unity_conversion.cs: a14c20536b1fc0611d8629220aec8be2 -> 717272b42fdbca1935830b3071b2da3c
  custom:framework-win-MediaFoundation: 216162199b28c13a410421893ffa2e32 -> 
  custom:scripting/monoscript/fileName/DontDestroyOnLoad.cs: 5e5f30246f7d631a6cbf89148a933314 -> 
  custom:scripting/monoscript/fileName/ProjectPrefs.cs: 4acc1e01ea8f30e430ec902500407def -> 
  custom:scripting/monoscript/fileName/NoAliasAttribute.cs: 47e40919f04b49dc8701e6216f1351d4 -> 
  custom:scripting/monoscript/fileName/ApplicationData.cs: 48af28049c5f400f2ce6973be65a4b5a -> 
  custom:scripting/monoscript/fileName/AvatarLoaderWindow.cs: 5577704aa0a455eec57e36b9e13d3ae1 -> 
  custom:scripting/monoscript/fileName/AvatarConfigTemplate.cs: 2cd60997ed89eb2d37c0252fcee764a4 -> 
  custom:scripting/monoscript/fileName/CategoryConverter.cs: bd731bbd133566976ca053bde47d8c7a -> 
  custom:scripting/monoscript/fileName/BuiltInMaterialGenerator.cs: 7d57361bb2fd5da6bf796e652fca4420 -> 
  custom:scripting/monoscript/fileName/MaterialUnlit.cs: a980dda70a436c6881ceb111c9e49ec1 -> 
  custom:scripting/monoscript/fileName/AvatarManager.cs: d28c3fd70b24a21a548c391f19cda22b -> 
  custom:scripting/monoscript/fileName/bool3x2.gen.cs: 7f2024bb8e107c3b85f93e6847f677c0 -> 6ad67e842e9f001f4905675e041c0394
  custom:scripting/monoscript/fileName/ExtensionMethods.cs: 1c501fc6674c7c7c994a1e2404894393 -> 
  custom:scripting/monoscript/fileName/half2.gen.cs: 7816131b273dfbe62c7a27c74161c262 -> a6f90a50ab057fcfbb93f80dff9467ec
  custom:scripting/monoscript/fileName/InCreatorAvatarLoader.cs: 690adab468d6781ffe14961e0e40fa32 -> 
  custom:scripting/monoscript/fileName/CoreSettingsHandler.cs: 2818644b88ab1d8031a1e5d4636376d8 -> 
  custom:scripting/monoscript/fileName/v128.cs: e021cba7e9c369437e29248cab7adb92 -> 
  custom:scripting/monoscript/fileName/DefaultDeferAgent.cs: 9c605a9b5f73986dbcbdc3cac9a26e33 -> 
  custom:scripting/monoscript/fileName/AuthManager.cs: e103ee50470bff7d275057ea5d5ea21b -> 
  custom:scripting/precompiled-assembly-types:Unity.Burst: 813d3b3d85b4f226cca91b96115edc25 -> 
  custom:scripting/monoscript/fileName/ImportAddonRegistry.cs: e5567f695f33f863e006b4d774c2afef -> 
  custom:scripting/monoscript/fileName/AmplitudeRuntimeLogger.cs: 096e9d625f64add989f6a5f3969278e7 -> 
  custom:scripting/monoscript/fileName/PartnerAsset.cs: 4c5ea509cc7aed5d15aae2806af0021f -> 
  custom:scripting/monoscript/fileName/SharedStatic.cs: f05c0e41a9966bdff75df2ec1c0154e3 -> 
  custom:scripting/monoscript/fileName/AuthConstants.cs: 005a199f6d1a8645ce29959f9219eb83 -> 
  custom:scripting/monoscript/fileName/Sse3.cs: 790f25d56fba1e7a48c0a0766c0ad6a6 -> 
  custom:scripting/monoscript/fileName/noise3Dgrad.cs: 910f0614e94a5348f941ea0d56b2c568 -> 2eb29bf877494e27d7b8d68303a33727
  custom:scripting/monoscript/fileName/BurstDisassembler.Core.ARM64.info.cs: b15d06942db1ac71042be253eef84e7f -> 
  custom:scripting/monoscript/fileName/bool4x2.gen.cs: 586d6e84a82661c406c0747e29931ce1 -> 5e92d30f937bc7e4e4a07b2b81c06b27
  custom:scripting/monoscript/fileName/AnalyticsEditorLogger.cs: 200053d84e64391f5cd71211cdccca55 -> 
  custom:scripting/monoscript/fileName/Plane.cs: c32fcb4d635f10949ba9a2b53f7d21ec -> 69547098044c0683a5ff9d9b8674a0ba
  custom:scripting/monoscript/fileName/AvatarRenderSettings.cs: 7fddec7be759bcf93c9dedd2bdb7137f -> 
  custom:scripting/monoscript/fileName/AnimationChannelTarget.cs: ee2599788cb8b23284c54336e84ce4f6 -> 
  custom:scripting/monoscript/fileName/MinMaxAABB.cs: 99b6b3f339a5e250751ae4f780607d7a -> 87e440667b74c17b186d7505988d93e6
  custom:scripting/monoscript/fileName/CustomEventArgs.cs: 2f46e4063ba0d3c798337a4fdda8e4b7 -> 8349be538a17d0a25c18e1db50bb9fa6
  custom:scripting/monoscript/fileName/WebMessageHelper.cs: b97be5e8112eef78485e050db38f3cb6 -> 
  custom:scripting/monoscript/fileName/double2x2.gen.cs: 1175e86c851890dc199d0e88708ffccb -> 1b24b88380b01d73274245c8a3f891ca
  custom:scripting/monoscript/fileName/IImporter.cs: 97083f79ad454a3888aa9d0e3e014093 -> 
  custom:scripting/monoscript/fileName/CoreSettingsSetter.cs: 1a5e6a6d8fc3d3fb85e932d25f2d6ed3 -> 
  custom:scripting/monoscript/fileName/v256.cs: 47c636eb6f790c9afbde51106c5c5b53 -> 
  custom:scripting/monoscript/fileName/AvatarUrlTemplate.cs: 5b18e6f9e1e30e3a1d6f19d1f187db8a -> 
  custom:scripting/monoscript/fileName/TaskExtensions.cs: 1c0cfa223ae05ce056d7879e3ae8923c -> 
  custom:scripting/monoscript/fileName/ResponseData.cs: a065ae0b354dddde7e844292fe7d7d18 -> 
  custom:scripting/monoscript/fileName/AvatarPreviewElement.cs: 91d6a7ce4ca99160083279761e50512f -> 
  custom:scripting/monoscript/fileName/AvatarCacheConfig.cs: 2f5966bd913b855db91586dcd46d467a -> 
  custom:scripting/monoscript/fileName/Csr.cs: 790f25d56fba1e7a48c0a0766c0ad6a6 -> 
  custom:scripting/monoscript/fileName/GltfJsonUtilityParser.cs: 9fcccf57363e003fdce67a9adf4a9126 -> 
  custom:scripting/monoscript/fileName/ExportSettings.cs: eab93109997cde3485aadfc966ecb3a3 -> 
  custom:scripting/monoscript/fileName/GenericContext.cs: 91513e0bd2facda2d12405e8de8d8a9b -> 
  custom:scripting/monoscript/fileName/classicnoise4D.cs: 910f0614e94a5348f941ea0d56b2c568 -> 2eb29bf877494e27d7b8d68303a33727
  custom:scripting/monoscript/fileName/int4x3.gen.cs: 67f76716aed15a7705ce52ae92c6a128 -> 8504016f71ab8b36158b7cb8a5461a8b
  custom:scripting/monoscript/fileName/classicnoise2D.cs: 910f0614e94a5348f941ea0d56b2c568 -> 2eb29bf877494e27d7b8d68303a33727
  custom:scripting/monoscript/fileName/NEON_AArch64.cs: 68ba95faf7f0f0403852fb6af2a2f956 -> 
  custom:scripting/monoscript/fileName/Hint.cs: 35c736c413c7f058326ce656dfcde31e -> 
  custom:scripting/monoscript/fileName/BurstRuntime.cs: dd1cc6bb42ddae27b5305860068dfb8c -> 
  custom:scripting/monoscript/fileName/IntegrationGuide.cs: 6cd4f3ccf81fad6d9788ad1e1394d7dc -> 
  custom:scripting/monoscript/fileName/IAvatarRotatorInput.cs: 8b2230d747505614d1db6eede615e79b -> 
  custom:scripting/monoscript/fileName/EditorDownloadProvider.cs: 9b266643f8f849c165491a51541247d1 -> 
  custom:scripting/monoscript/fileName/matrix.gen.cs: 1fc7e9a9978c6bc6327a2ef3562b3b82 -> 8040951fec6b586df3a34908a47f7536
  custom:scripting/monoscript/fileName/OcclusionTextureInfo.cs: 34fe9bc3ad1c46c228cef221291e13dd -> 
  custom:scripting/monoscript/fileName/PostNormalizedVectorDrawer.cs: bcc5a130e288cb1ea7e6214244bd90aa -> 1e9cc5a1d5ea64a4691d9edff2f31467
  custom:scripting/monoscript/fileName/TextureDownload.cs: ff5cc8f553522c6fcdddf4bef3f20871 -> 
  custom:scripting/monoscript/fileName/int2x4.gen.cs: 19df88eae659245962107924a4f8beb4 -> 5edaa4c8e18b723d836f4e66d7a2ad24
  custom:scripting/monoscript/fileName/VertexBufferBones.cs: ad4e66a969e11406454d8d6f60beb511 -> 
  custom:scripting/monoscript/fileName/double2.gen.cs: 6d6f846a6947f4edc6c86aae983cab7a -> 9fcc709faf542a3c28101e289489d3c3
  custom:scripting/monoscript/fileName/AvatarObjectLoader.cs: 73bdca3686e709d80c0537fc3b9938e7 -> 
  custom:scripting/monoscript/fileName/bool2x2.gen.cs: 9f5ba9e667296230e5a7dd8098d86f1e -> 4649c574bdda23c59b5d49d1b662bc61
  custom:scripting/monoscript/fileName/uint3x2.gen.cs: cb5adb59636d29fe64c2a59690629fe9 -> e9ed99b7eae876425b9236af5d545e3a
  custom:scripting/precompiled-assembly-types:Unity.Mathematics: b00366944e6a3b525e034d31ff80169e -> eda48956a0bece48f802264722748d9b
  custom:scripting/monoscript/fileName/AvatarAPIParameters.cs: 5d426ad3ee85a22dd487d7ed75a06f55 -> 
  custom:scripting/monoscript/fileName/UriHelper.cs: 98493bb4996c3c173e0f1ee68c8a398a -> 
  custom:scripting/monoscript/fileName/AvatarRotator.cs: 7fa0f88ed1cc81168bfd7848d4bd90c3 -> 
  custom:scripting/monoscript/fileName/NodeExtension.cs: 97d61e5844138f7bddda97b4e80d6282 -> 
  custom:scripting/monoscript/fileName/uint3.gen.cs: 07250d494d70da63323c03829a109a7b -> 2439c557987b3f1dafd36143ddfb8c40
  custom:scripting/monoscript/fileName/double4x4.gen.cs: c712f0479a2da80505c5f34004582140 -> d67599d4a9300cb241e4695cd70324ae
  custom:scripting/monoscript/fileName/ColorLibrary.cs: b69228fe1800ea6821c2eced2c486b9c -> 
  custom:scripting/monoscript/fileName/GraphicsSettingsUtility.cs: 9ccda4d52429dca09ef6b777e5784455 -> 
  custom:scripting/monoscript/fileName/AvatarUri.cs: 6335947eea9c0449d74b885e8f9d43b1 -> 
  custom:scripting/monoscript/fileName/InstantiationSettingsEditor.cs: 50c6ee2b1b46c1979d20674c446c7975 -> 
  custom:scripting/monoscript/fileName/Scene.cs: 56ca70d7203fc093945ae347e968500c -> 
  custom:scripting/monoscript/fileName/BurstDisassembler.Core.Wasm.cs: b15d06942db1ac71042be253eef84e7f -> 
  custom:scripting/monoscript/fileName/BufferViewExtensions.cs: c3caf11ec3b057b2f347d576d7a56886 -> 
  custom:container-muxer-webm: aa71ff27fc2769a1b78a27578f13a17b -> 
  custom:scripting/monoscript/fileName/LabeledPopup.cs: 87f082da9aa2abffd22a5b3019d4e188 -> 
  custom:scripting/monoscript/fileName/BurstDisassembler.cs: d51fb062bede2b9ca5d97ccc2e501c19 -> 
  custom:video-decoder-webm-vp8: 9c59270c3fd7afecdb556c50c9e8de78 -> 
  custom:scripting/monoscript/fileName/AvatarLoaderSettingsCreator.cs: 20f959a5e4af2c3e13c15fd83584576d -> 
  custom:scripting/monoscript/fileName/IGltfWritable.cs: 8a0740fe3782416855214c9ea9f11bfa -> 
  custom:scripting/monoscript/fileName/AvatarCache.cs: 0ff816ad8802050851d214cb4c8874f3 -> 
  custom:scripting/monoscript/fileName/AvatarTemplateFetcher.cs: 52b333a1690b04ab2475fa39ed94cb80 -> 
  custom:scripting/monoscript/fileName/float3.gen.cs: d2a3af208755cfe0205a5add4cbf782b -> 61e461104f30d07064c299c5ac2c9a3e
  custom:scripting/monoscript/fileName/BurstCompileTarget.cs: 5a1d233d747b0d562e7d5017bb80886e -> 
  custom:scripting/monoscript/fileName/Asset.cs: adfee6125f845da587eb8048a152df4e -> 
  custom:scripting/monoscript/fileName/OnScriptsReloadHandler.cs: 1e2293ea2f06a3b4c41947088aa8bd7c -> 
  custom:scripting/monoscript/fileName/PrimitiveCreateContextBase.cs: 0d1f44d595052ce4af3b1d286a51a560 -> 
  custom:scripting/monoscript/fileName/PhotoCaptureElement.cs: abedafde9c7a6455b534f7d46cc58ccb -> 
  custom:scripting/monoscript/fileName/Constant.cs: 9503cddf79e2a3fdeab51cc0257c4da1 -> 
  custom:scripting/monoscript/fileName/NEON_ctor.cs: 68ba95faf7f0f0403852fb6af2a2f956 -> 
  custom:scripting/monoscript/fileName/BufferView.cs: 6a5b83a065de91ea89fb9743e5d5357c -> 
  custom:scripting/monoscript/fileName/int3x3.gen.cs: 8da9d8d1067461c55dbf4fa0f6b692cf -> dc1405f0f1704a2ec1efb4946b5d5f85
  custom:scripting/monoscript/fileName/int4x4.gen.cs: 0e76084ebee4c8312f336ff84d58a04c -> e1c5029dddb71a1513ebdf470db7528e
  custom:SearchIndexIgnoredProperties: e643bd26f0fe6173181afceb89e7c659 -> 
  custom:scripting/monoscript/fileName/bool4x3.gen.cs: fe90c06e5cec5b26385f16e64919351e -> 3b9b4adbcec8eec926ee3ca5bd1a9e49
  custom:scripting/monoscript/fileName/AssetLibrary.cs: b59b1a00b1ed5e1389bab739b2714c6d -> 
  custom:AudioImporter_EditorPlatform: d09bf68614088b80899f8185d706f6e7 -> 
  custom:scripting/precompiled-assembly-types:Unity.Burst.Cecil.Rocks: 437ffcd7628e1436004701f82021574b -> 
  custom:scripting/monoscript/fileName/TextureInfoExtensions.cs: 0d0c6c58fd51f50bc9e6dad1fc1bfbda -> 
  custom:scripting/monoscript/fileName/LightsPunctual.cs: cfd0af635a6d46675e06ceaf40711ea2 -> 
  custom:scripting/monoscript/fileName/IgnoreWarningAttribute.cs: 95b6772ff35299aa9927da5e6696b2f1 -> 
  custom:scripting/monoscript/fileName/FBXAnimationExtractor.cs: 858c87787c1872c58212b951f46ddf64 -> 
  custom:scripting/monoscript/fileName/IOperation.cs: 9b2a24eb4aadb87c273a5da71f6232bc -> 
  custom:scripting/monoscript/fileName/uint4x3.gen.cs: 5c842eaf04659601d64e86e873d2dc4b -> b01c5cd7a56bd5c67682617427bf7881
  custom:scripting/monoscript/fileName/VertexBufferTexCoords.cs: e2ed79b109aa14002be36eb5c8d180fa -> 
  custom:scripting/monoscript/fileName/GenderSelectElement.cs: fe31c9557e5af52a737302940a261067 -> 
  custom:scripting/monoscript/fileName/TimeBudgetPerFrameDeferAgent.cs: 59420c6531406a5e69f109a7d6f7aa69 -> 
  custom:scripting/monoscript/fileName/BurstCompileAttribute.cs: f1834e5146c37c3c879fe10d3c8c9e49 -> 
  custom:scripting/monoscript/fileName/TemplateSelectionElement.cs: c17965e9ec599d534b21bef6b4ea1dbe -> 
  custom:scripting/monoscript/fileName/bool3.gen.cs: f73cc99fcfd3d7b311d94017869f72e0 -> 5af2629b3ff9dbb3bbfcc70064a35529
  custom:scripting/monoscript/fileName/uint4x2.gen.cs: e8b292c670996f99dc647f630b2d028d -> b7591412c0d582e5dffe67f85a90dd0a
  custom:scripting/monoscript/fileName/SetupGuide.cs: a018908fa666deda1feaf789605bb0a2 -> 
  custom:scripting/monoscript/fileName/StringExtensions.cs: 7591d337121a0c744ba5a92113d757d2 -> 8e9e4f2b4fed5724ed48ae76769324bb
  custom:scripting/monoscript/fileName/float4.gen.cs: a5929fc9c81f37a217f61110104af506 -> b782c632ec38515e69077afe722e950b
  custom:scripting/monoscript/fileName/uint3x4.gen.cs: 810549df666bfc264109dae029c3ad17 -> 85b37160b72ca5d09aa390a0ed4ac5d3
  custom:scripting/monoscript/fileName/AvatarPropertiesExtensions.cs: 817729a4235859f2dbc9a78f1b40912d -> 
  custom:scripting/monoscript/fileName/AvatarLoaderSettingsHelper.cs: 01066e42900522e716c582edd0419c51 -> 
  custom:scripting/monoscript/fileName/DestroyMesh.cs: 84ad674044ee5c33c0780ad0a671ffc1 -> 
  custom:scripting/monoscript/fileName/RenderParameterProcessor.cs: 773ffcf2a6c775971eb664618238851b -> 
  custom:scripting/monoscript/fileName/PrefabHelper.cs: 2ea98b1af3b58b57fa3acb22f4bda6db -> 
  custom:scripting/monoscript/fileName/ResponseText.cs: 30cacc6b0febdb07bf8f15b53e133171 -> 
  custom:scripting/monoscript/fileName/AvatarContext.cs: 1f072b9ce316693c78d07aac7f7b7b85 -> 
  custom:scripting/precompiled-assembly-types:glTFast.Editor: 5cb5d5040960e1344ead37799d5b8b0a -> 
  custom:scripting/monoscript/fileName/VertexBufferConfigBase.cs: d0257aca4c5254511ebc207b29019887 -> 
  custom:scripting/monoscript/fileName/CameraFocuser.cs: bd6cafddfc1b0bce7aed7ec85c87fa72 -> 
  custom:scripting/monoscript/fileName/SDKLogger.cs: b5675920afc3036a14b6a530cb20caf0 -> 
  custom:scripting/monoscript/fileName/IMaterialExport.cs: eb33256bc45a98e1d4084eb95eabfb8b -> 
  custom:scripting/monoscript/fileName/EditorImportSettings.cs: d4c6f73f62158af9fb75c9c2dc22825c -> 
  custom:scripting/monoscript/fileName/QueryBuilder.cs: b2e5732625ebe9299370f2d2fa9eb49c -> 
  custom:scripting/monoscript/fileName/MouseRotationHandler.cs: 62508e694096e5deaf69cf78ec71dfb4 -> 
  custom:scripting/monoscript/fileName/OneTimeSetup.cs: 080030bba432e05cd3f796add947aba4 -> 
  custom:scripting/monoscript/fileName/NodeLightsPunctual.cs: 7482b05474e49eaa3bd5009ba594d304 -> 
  custom:scripting/monoscript/fileName/StreamExtension.cs: 9249d5cfad55e2af362ff3c7ecab3eaa -> 
  custom:scripting/monoscript/fileName/NodeExtensions.cs: 2a7d26a365d722ab0365138c29b7e72c -> 
  custom:scripting/monoscript/fileName/Sse.cs: 790f25d56fba1e7a48c0a0766c0ad6a6 -> 
  custom:scripting/monoscript/fileName/GltfAssetBase.cs: 5a7854b8bdd3bbee28b24f4c2fd48d1d -> 
  custom:scripting/monoscript/fileName/PrimitiveCreateContext.cs: 8f10ed56e6f0f31bb5549dd4ca179fb4 -> 
  custom:scripting/monoscript/fileName/ShaderGraphGUI.cs: 91fd2c53908a9d4dca0caac608f0a510 -> 
  custom:scripting/monoscript/fileName/AuthAPIRequests.cs: f13f248f0b7d65b054fe5de5ddc514ae -> 
  custom:scripting/monoscript/fileName/SelectionButton.cs: fefe4810efdf5c9a334210be2cb7de49 -> 
  custom:scripting/monoscript/fileName/uint2.gen.cs: 16c687047be4a3d9d18671b7f1514a8d -> f442e48493395c3c057fa324c1ed7700
  custom:scripting/monoscript/fileName/AssemblyResolver.cs: d02bbd84bf24106c236ab13c6c3d719f -> 
  custom:scripting/monoscript/fileName/cellular2x2x2.cs: 910f0614e94a5348f941ea0d56b2c568 -> 2eb29bf877494e27d7b8d68303a33727
  custom:scripting/monoscript/fileName/PhotoConfirmationElement.cs: a37e7013b2000c95c9d73f1de23de143 -> 
  custom:scripting/monoscript/fileName/matrix.cs: 3c89deedfaaffcc017fba2cf913f12ee -> 17bd875ecbf69296bc7f1415237b5bf7
  custom:scripting/monoscript/fileName/cellular3D.cs: 910f0614e94a5348f941ea0d56b2c568 -> 2eb29bf877494e27d7b8d68303a33727
  custom:scripting/monoscript/fileName/bool3x4.gen.cs: 42c7ba8bd569aafe7a1ccd38b69ca362 -> dd64119ecce8747c9d345fc62ed63bff
  custom:scripting/monoscript/fileName/NEON.cs: 68ba95faf7f0f0403852fb6af2a2f956 -> 
  custom:scripting/monoscript/fileName/Env.cs: f379ae48ddff5ec02a105cb6bf38b3db -> 
  custom:audio-decoder-ogg-vorbis: bf7c407c2cedff20999df2af8eb42d56 -> 
  custom:scripting/monoscript/fileName/AssetTypeFilterDrawer.cs: 34018cfcd6262c8e0469239f341a7888 -> 
  custom:scripting/monoscript/fileName/int2x3.gen.cs: 19a71af308909120a7ea6452646e4208 -> 377af658550da76bc0efa7c5a755eb90
  custom:scripting/monoscript/fileName/UserSession.cs: 8474486bb4d037a9069b5fd9fb9a4b5f -> 
  custom:scripting/precompiled-assembly-types:glTFast.dots: bae848875a35fe96f09fcc9f4e534600 -> 
  custom:scripting/monoscript/fileName/AvatarConfigProcessor.cs: 686ca45858e8b6df9d6e41fba610ce11 -> 
  custom:scripting/monoscript/fileName/ShaderProperty.cs: e69d84886d64c24a96dd08814ff9c01c -> 
  custom:scripting/monoscript/fileName/ResponseExtensions.cs: 72e5833f186e18c70552860bd9ca8bf0 -> 
  custom:scripting/monoscript/fileName/GltfAsset.cs: 9ed50c0abb2ae10e773877a7e88a7865 -> 
  custom:scripting/monoscript/fileName/CustomHeaderDownloadProvider.cs: fb049e1199740e51b870584d0a7b01fc -> 
  custom:scripting/monoscript/fileName/CollectingLogger.cs: b9af2399d0450dde59c68ed15bcecb17 -> 
  custom:scripting/monoscript/fileName/Popcnt.cs: 790f25d56fba1e7a48c0a0766c0ad6a6 -> 
  custom:scripting/monoscript/fileName/AssetTypeFilterAttribute.cs: 95c271d579cea4c8c1c83307bf2034bc -> 
  custom:scripting/monoscript/fileName/ILPostProcessingLegacy.cs: 1474151453fb056da8fe50e6cda891db -> 
  custom:scripting/monoscript/fileName/AvatarMetadata.cs: 05cca07141987e47b49948c5617a1c0d -> 
  custom:scripting/monoscript/fileName/MaterialSheen.cs: 7955488dc87635b50681eabfc827a307 -> 
  custom:scripting/monoscript/fileName/AvatarConfig.cs: 318d084d07412e680bed3d728ef80e53 -> 
  custom:scripting/monoscript/fileName/GltfWriter.cs: 98e60ad1627564ffdc9e6646313d4670 -> 
  custom:scripting/monoscript/fileName/SpotLight.cs: e227f39b3ab57e6b59c680a013431919 -> 
  custom:scripting/monoscript/fileName/GltfBoundsAsset.cs: 2b74840d299e7959da9ff7911af818d7 -> 
  custom:scripting/monoscript/fileName/int3x4.gen.cs: a41355fd8e3f2df0223626fb4f0b3908 -> 8460bfcadb3ac350c26daa6b9595294c
  custom:scripting/monoscript/fileName/CustomException.cs: c2ee55d1b509a85a97b04da697e9a9db -> 
  custom:scripting/monoscript/fileName/psrdnoise2D.cs: 910f0614e94a5348f941ea0d56b2c568 -> 2eb29bf877494e27d7b8d68303a33727
  custom:scripting/monoscript/fileName/Enums.cs: 68ab3d3933464ccfa9b506d6f17e015c -> f57a8de2bbdce64e12a5f7fbc7fbbde3
  custom:scripting/monoscript/fileName/F16C.cs: 790f25d56fba1e7a48c0a0766c0ad6a6 -> 
  custom:scripting/monoscript/fileName/VertexBufferColors.cs: bd35d9562d4dcd12b4ea7fa4d9e09c08 -> 
  custom:scripting/monoscript/fileName/MeshGpuInstancing.cs: bb1b6dad3adb23e6dfce9503cf072df8 -> 
  custom:scripting/monoscript/fileName/IAnalyticsLogger.cs: 96f3e02577756de88c46264c6358c5d0 -> 
  custom:scripting/monoscript/fileName/GameObjectExport.cs: 60a01934e86ce4859ca1af6202ef19cd -> 
  custom:scripting/monoscript/fileName/QuaternionDrawer.cs: 3e16f8b999b15ff8f3cb65c56d92372c -> 11323f18a038f5e869f0b55e53c54a31
  custom:scripting/precompiled-assembly-types:Unity.XR.Interaction.Toolkit: b145b22affcaec9a93edb3acebefaa40 -> 819168b4a0ac640a342d131d3ee2d198
  custom:scripting/monoscript/fileName/BurstAssemblyDisable.cs: b6ce5635cda12e16b9d3052a32a53ef4 -> 
  custom:scripting/monoscript/fileName/Skin.cs: da1e9c734632b8cb01f92fde468bb5aa -> 
  custom:audio-encoder-webm-vorbis: bf7c407c2cedff20999df2af8eb42d56 -> 
  custom:scripting/monoscript/fileName/BurstString.Float.cs: f7cf2d4ac32cd23a2133a777bc8e9bdf -> 
  custom:scripting/monoscript/fileName/ConsoleLogger.cs: c8f9af3c4855974e7aef96b16abf133a -> 
  custom:scripting/monoscript/fileName/Constants.cs: aa817f6e9b17832d3313c242cc6b1b85 -> 
  custom:scripting/monoscript/fileName/MaterialExtensions.cs: 6f1926d30a57014fa53370543af34147 -> 
  custom:scripting/monoscript/fileName/AvatarProperties.cs: 4574b7a9c9be27defe24c0b0ae19f502 -> 
  custom:scripting/monoscript/fileName/SampleLoader.cs: 5c8ab068b4e27eb065b87d3cc7109bc1 -> 
  custom:scripting/monoscript/fileName/WebViewEvents.cs: 4a53765b95ff0cac230e81972d870b33 -> 
  custom:scripting/monoscript/fileName/ScreenPadding.cs: 978d803843a88ddb003389c8c3da1825 -> 
  custom:scripting/monoscript/fileName/IGltfReadable.cs: abe4512c94cf3943a622f7dc4b3559ac -> 
  custom:scripting/monoscript/fileName/LongTextArea.cs: 4c687402ecd5f2af3a470023aff89eca -> 
  custom:scripting/monoscript/fileName/NormalImageExport.cs: fb6b6997677927812a129506d5252ba9 -> 
  custom:scripting/monoscript/fileName/ModuleUpdater.cs: bce38ccb895fca968170a28b88b976de -> 
  custom:scripting/monoscript/fileName/AssetSelectionElement.cs: 50acb088d41e6da092e5596bf2bb724d -> 
  custom:scripting/monoscript/fileName/GameObjectSceneInstance.cs: 2727177b21346c85bffd447d1d6f0d0b -> 
  custom:scripting/precompiled-assembly-types:glTFast: 3f3613cc47a81e711b043824d05fded4 -> 
  custom:scripting/monoscript/fileName/AsyncHelpers.cs: 4525547bc05eb6cead8612a9f6acf9c6 -> 
  custom:scripting/monoscript/fileName/PrecompileData.cs: fe800c7668f68b89e3a5af223f0bf045 -> 
  custom:scripting/monoscript/fileName/BurstString.cs: f7cf2d4ac32cd23a2133a777bc8e9bdf -> 
  custom:scripting/monoscript/fileName/DefineSymbolHelper.cs: 4b308a0e073093d7324360aa4ebe5ee3 -> 
  custom:scripting/monoscript/fileName/ListExtensions.cs: f32a065f27744d215e4d23a47d180105 -> dc08b0e81401b7052a787865553578e4
  custom:scripting/monoscript/fileName/Buffer.cs: 7ee4d5746300f2757618f0837b67a0fd -> 
  custom:scripting/precompiled-assembly-types:glTFast.Newtonsoft: 0722cff3749e1d437a9fd6b392c3e764 -> 
  custom:scripting/monoscript/fileName/PartnerAssetsDictionaryConverter.cs: 1dcd1ea8a93872ca016a1ff078a7ac10 -> 
  custom:scripting/monoscript/fileName/BurstCompiler.cs: 7b21670e31210e9f8a136d10cb1b9317 -> 
  custom:scripting/monoscript/fileName/double4.gen.cs: b43680ff2b317f0fe763ec2a9290cc4d -> c861322ff5ab8c01e3e4b508791cf124
  custom:scripting/monoscript/fileName/rigid_transform.cs: d545dec909ae361cd40bcedcc9499d93 -> 36bbdd985ffacdf5ee0745cfd3a1f08d
  custom:scripting/monoscript/fileName/PropertyAttributes.cs: 06c93b729a6fbfd605aedc09fb6acd2e -> f9be6ff8022c2b7e9364b782f234d192
  custom:scripting/monoscript/fileName/MeshResult.cs: 87e7b4b85f5e2af1578d2c10e856c3f2 -> 
  custom:scripting/monoscript/fileName/SubdomainTemplate.cs: 2d5ec1ac64b219601b8771124f38241d -> 
  custom:scripting/monoscript/fileName/WebMessage.cs: 7d630659dfb387fd58eddb331ed00eb2 -> 
  custom:scripting/monoscript/fileName/BurstAotCompiler.cs: a41b7d0d053e0898c09eec7c4f1c3c21 -> 
  custom:scripting/monoscript/fileName/UnclassifiedData.cs: 07ab01725c1470d1bbc02a1da5626196 -> 
  custom:scripting/monoscript/fileName/OrmImageExport.cs: b7834502e6f517e58a1fb2080088f06e -> 
  custom:scripting/monoscript/fileName/CameraPerspective.cs: 2d0ec4576480f39b5426cb33df6c96e2 -> 
  custom:scripting/monoscript/fileName/int2.gen.cs: 7d7139da21249719b860c4fd6fa5b14f -> ba08380188673eb89fbe6c63125635e5
  custom:scripting/monoscript/fileName/AvatarProcessor.cs: e7f6a1fb4ffb91072c8633ffd611a758 -> 
  custom:scripting/monoscript/fileName/Avx2.cs: 790f25d56fba1e7a48c0a0766c0ad6a6 -> 
  custom:scripting/monoscript/fileName/int4.gen.cs: 6fd7c2be80cf8c29505f41dfd239b1ae -> 6202c51352f8408238811f81cf17884b
  custom:scripting/monoscript/fileName/AccessorSparse.cs: ef39b0a1efb5493001e1ca2adc2270c0 -> 
  custom:scripting/monoscript/fileName/IGltfBuffers.cs: 2c53990cec1c20f01b88877e7893f7a5 -> 
  custom:scripting/monoscript/fileName/noise3D.cs: 910f0614e94a5348f941ea0d56b2c568 -> 2eb29bf877494e27d7b8d68303a33727
  custom:scripting/monoscript/fileName/MaterialExportBase.cs: cce05ee43b746e0bd162fb41779b88b9 -> 
  custom:scripting/monoscript/fileName/ImportAddonInstance.cs: 20591bd4de3974083eeaf32e31aa1483 -> 
  custom:scripting/monoscript/fileName/float4x2.gen.cs: 05588d3fca2e28a31b6264c026dcf338 -> a70cf4e9d29e9357ba0e68d3ee43ce34
  custom:scripting/monoscript/fileName/Material.cs: 7b4d2d71ba93c7b482c8238f3c476644 -> 
  custom:scripting/monoscript/fileName/AnimationSampler.cs: bd4847a226c08fcb564d546261564ac6 -> 
  custom:scripting/monoscript/fileName/AvatarDataEditor.cs: 463b6246d19e962520a8ceadfa0edaea -> 
  custom:scripting/monoscript/fileName/Bmi2.cs: 790f25d56fba1e7a48c0a0766c0ad6a6 -> 
  custom:scripting/monoscript/fileName/LogMessages.cs: ffe5bf8d3d1782afddd40c7e07fb5259 -> 
  custom:scripting/monoscript/fileName/BreakingChangeDialog.cs: 4ca56fc4db1cef8352e0f7f6712c35ab -> 
  custom:scripting/monoscript/fileName/DefaultDownloadProvider.cs: 4470230d4ba7d71af061e4b88b944eae -> 
  custom:scripting/monoscript/fileName/Root.cs: cd0cbf3b992deddab673bc27ba02e725 -> 
  custom:scripting/monoscript/fileName/UserAvatarElement.cs: 9a50a53f3c36c965567f7d8b7ec41fb2 -> 
  custom:scripting/monoscript/fileName/half3.gen.cs: 5d046df99f0d37f450cb3ea068ad7762 -> 935b3c49f9c5126f28352e4a48406e0a
  custom:scripting/monoscript/fileName/PartnerAssetsManager.cs: 0b96925ae52e31c863614362cc1b46a5 -> 
  custom:scripting/monoscript/fileName/uint2x4.gen.cs: 3caae4a623bddfadce4b73c36541ab39 -> 817d68c720fa6aa9b67a61d7c1b206d0
  custom:video-decoder-ogg-theora: a1e56fd34408186e4bbccfd4996cb3dc -> 
  custom:scripting/monoscript/fileName/AvatarConfigEditor.cs: 74085a71907a93ea432f4d6f97bceacd -> 
  custom:scripting/monoscript/fileName/ColorSelectionElement.cs: a5a2faac218245396928db9963e25626 -> 
  custom:scripting/precompiled-assembly-types:Unity.Burst.CodeGen: 19855afef9c57189cba3f9164399ea40 -> 
  custom:scripting/monoscript/fileName/svd.cs: 348beec2ecc2e2db545a80433e4107e2 -> 
  custom:scripting/monoscript/fileName/GltfImport.cs: c39ea1b3eb5ee3e9282c8057c205d5ae -> 
  custom:scripting/monoscript/fileName/bool4x4.gen.cs: 50a6831c58ef3836ae8715535acd4a4c -> 832d1ba72f52e457d65ecd6ca1ba2b2e
  custom:scripting/monoscript/fileName/BodyShapeSelectionElement.cs: 71f197ad2cc0a7660ffbc7da3c694c1b -> 
  custom:scripting/monoscript/fileName/ColorResponseHandler.cs: bd4cd009bae3ea31f89f82eabdba2651 -> 
  custom:scripting/monoscript/fileName/IAssetData.cs: 25cba7728afaf8b491c6404975031286 -> 
  custom:scripting/monoscript/fileName/double3x3.gen.cs: a1e2af8139fc0e717165cdc2c522e14d -> cf2bca4cc9e8b93d47929417a1a999f7
  custom:scripting/monoscript/fileName/NEON_AArch64_crypto.cs: 68ba95faf7f0f0403852fb6af2a2f956 -> 
  custom:scripting/monoscript/fileName/MaterialExtension.cs: a080f2b1012a6ffa3e74ffbdf6765fa4 -> 
  custom:scripting/monoscript/fileName/TransformExtensions.cs: 9b27e3b5079d79f11a499e446cedd2aa -> fd126d2bad7fa2d4054ceea030fa50cf
  custom:scripting/monoscript/fileName/double3x2.gen.cs: 46c3fc0f20bf244200b61fe88bd5c16a -> 87fbe5b4a5a90e3c915d83933bb7a691
  custom:scripting/monoscript/fileName/MaterialClearCoat.cs: ee2b407ed9762b30ff4fc1f08c7d3eee -> 
  custom:scripting/monoscript/fileName/CoreSettingsLoader.cs: a9c7b9ed02353f627bb9c2924cb5a002 -> 
  custom:scripting/precompiled-assembly-types:Unity.XR.Hands: 36cc873dfcba03a87d3f75dff052e734 -> 6cacfbb2c0146242e4581e59c679e443
  custom:scripting/monoscript/fileName/UninterruptedDeferAgent.cs: 1b5f0a782331cebabfedf274950cd759 -> 
  custom:scripting/monoscript/fileName/IAnalyticsEditorLogger.cs: b1d8c351ab94e01e953d6ee280288841 -> 
  custom:scripting/monoscript/fileName/Il2CppEagerStaticClassConstructionAttribute.cs: bfb9943dc4234f8038240348dd8c0237 -> 5ae90a36296d2fe83dd98e9361e907e8
  custom:scripting/monoscript/fileName/VoiceHandlerEditor.cs: 6d1fc3f99cef58f2cd761f7bff32d8f2 -> 
  custom:scripting/precompiled-assembly-types:Unity.Burst.Cecil.Pdb: 542ee58f25ed060f438b710d2d8b4fbd -> 
  custom:scripting/monoscript/fileName/cellular2x2.cs: 910f0614e94a5348f941ea0d56b2c568 -> 2eb29bf877494e27d7b8d68303a33727
  custom:scripting/monoscript/fileName/half.cs: d66ca18b1c3237e0e12e183e1878dc38 -> cf3f2b0bcee127ccdac6d87167bcc406
  custom:scripting/monoscript/fileName/RenderPipelineUtils.cs: 427390c97cce8e55ec0815f51454c0a8 -> 
  custom:scripting/monoscript/fileName/RenderSettingsHelper.cs: 1550ed09adc0a4ab5141845a2dfadcba -> 
  custom:scripting/monoscript/fileName/GltfAssetEditor.cs: acedfe1a6930a3043e648d8b0c3334a3 -> 
  custom:scripting/monoscript/fileName/Utils.cs: c218eacbbbaaf3a98fb69e78d195a84f -> 40c528c300bfc0733192292a788cb076
  custom:scripting/monoscript/fileName/AvatarLoaderSettings.cs: 7276921df0804bec5e1a3dc5c4c04e64 -> 
  custom:scripting/precompiled-assembly-types:Newtonsoft.Json: a784019f7e79cf0f65e748d41d4ceb44 -> 
  custom:scripting/monoscript/fileName/IResponse.cs: 4cab66bd94cf7b2e7d833252e9107ef3 -> 
  custom:scripting/precompiled-assembly-types:ReadyPlayerMe.Core: f533bca70cc10d7780e90bd5e051cfa1 -> 
  custom:scripting/monoscript/fileName/InstantiationSettings.cs: e3c010e0ef7b92131158a998eac1826b -> 
  custom:scripting/monoscript/fileName/AccessorData.cs: a2be1bc50d8474cbeac7acd8f043bf0a -> 
  custom:scripting/monoscript/fileName/GlbBinChunk.cs: 46f6df09c8518e3dd8d00612851aee14 -> 
  custom:CustomObjectIndexerAttribute: 9a22284fe3817be447336de3de66b15e -> 
  custom:scripting/monoscript/fileName/classicnoise3D.cs: 910f0614e94a5348f941ea0d56b2c568 -> 2eb29bf877494e27d7b8d68303a33727
  custom:scripting/monoscript/fileName/LightPunctual.cs: 26f87fe627099f3da1ea9a5bc33f3144 -> 
  custom:scripting/monoscript/fileName/NEON_AArch64_rdma.cs: 68ba95faf7f0f0403852fb6af2a2f956 -> 
  custom:scripting/monoscript/fileName/ModuleInstaller.cs: 95f0a8122f20a1eb5c90b32e8ea5ab13 -> 
  custom:scripting/monoscript/fileName/CommonHeaders.cs: e21a00734a6d225272a6b91dd3dff7ad -> 
  custom:scripting/monoscript/fileName/FunctionPointerInvokeTransform.cs: 87582112a32f635e413c776846ec78de -> 
  custom:scripting/monoscript/fileName/GltfCamera.cs: 022242dec4409c9d8c03f6d682896ba6 -> 
  custom:scripting/monoscript/fileName/EyeAnimationHandlerEditor.cs: 73a33b1cbae182a9e66026a66072035c -> 
  custom:scripting/monoscript/fileName/float2x2.gen.cs: 43554c150c14083eb2313acaa2e78aeb -> f203c6ed52cbda2033cd1859a76ab02f
  custom:scripting/monoscript/fileName/AvatarBodyTypeTemplate.cs: 41c90e32ad987125977aee9b2b56eb6f -> 
  custom:scripting/monoscript/fileName/CecilExtensions.cs: 300205ae85edbb88d6c0c35c47681451 -> 
  custom:scripting/monoscript/fileName/AvatarBoneHelper.cs: d4c820fe55ec42d3c6d842b9896da3f0 -> 
  custom:scripting/monoscript/fileName/GameObjectExportSettings.cs: 105f6e04b8ab4e029fb4f88c7d63e3fe -> 
  custom:container-demuxer-webm: 4f35f7cbe854078d1ac9338744f61a02 -> 
  custom:scripting/monoscript/fileName/CustomLogHandler.cs: d8c37c50ce8ff5a768ff5ac0f83c60be -> 
  custom:scripting/monoscript/fileName/BurstDisassembler.Core.x86.info.cs: b15d06942db1ac71042be253eef84e7f -> 
  custom:scripting/monoscript/fileName/bool2x4.gen.cs: 43766066d40cfe4ff0038faa3bf06406 -> 0202187d1d97b3838c3acec749a94370
  custom:scripting/monoscript/fileName/ImageExportBase.cs: 1554f4deec7d14c77c3f8ed9369c4eb9 -> 
  custom:scripting/monoscript/fileName/uint2x3.gen.cs: a0bafa71da357e9ffdf41329e0e0b8ab -> dc149d5147f76ef2e3b7b3e87df71cde
  custom:scripting/monoscript/fileName/TextureExtensions.cs: 4b3a9beeab9b55d39609d0700cc039ca -> 
  custom:scripting/monoscript/fileName/VoiceHandler.cs: 402ecfbb99e3ad28c1a8662c7cfa72c5 -> 
  custom:scripting/monoscript/fileName/MatrixDrawer.cs: 8db100ecc54d49584518b132374bd945 -> 54f407ec7134aa445531b0da7f5e0ded
  custom:scripting/monoscript/fileName/AvatarManifest.cs: 221b08a5e2f902d2fac04a4aaba1c56e -> 
  custom:scripting/monoscript/fileName/BodyTypeConverter.cs: 75bc081b4cc9934d771a66bee407e0fe -> 
  custom:scripting/monoscript/fileName/GltfDeferAgentTemplate.cs: 80d68cd18fa7a07e21eecae2d841140b -> 
  custom:scripting/monoscript/fileName/float2x4.gen.cs: 14bf825e2338394967d25657f23195c2 -> 8f6e3792d53a47d3e0816efd26cbabde
  custom:scripting/monoscript/fileName/NamedObject.cs: f95dd6116e83a85880127f78ac2b85e9 -> 
  custom:scripting/monoscript/fileName/TextureTransform.cs: b0a4a443c993e30fee259d5ef0fb578c -> 
  custom:scripting/monoscript/fileName/DeleteAvatarElement.cs: 69060c486598def55cba093d1d6bf44a -> 
  custom:scripting/monoscript/fileName/ImportAddon.cs: fbf06aef3d5c027051df88fa49f51c16 -> 
  custom:scripting/monoscript/fileName/GltfAnimation.cs: 0acf5689a0bcc34eb8984b52cd2f372d -> 
  custom:scripting/monoscript/fileName/IDeferAgent.cs: c8758c5cbe5e66c1190e8ac0a7c3be24 -> 
  custom:scripting/monoscript/fileName/PackageManagerHelper.cs: 77fb70af782f8d3676313d1c50beccb7 -> 
  custom:scripting/monoscript/fileName/Accessor.cs: 229e324d4e8ab845a6e9c55779b638ab -> 
  custom:scripting/monoscript/fileName/ResponseTexture.cs: 4160f872cfe105c097260b91a59a26b7 -> 
  custom:scripting/monoscript/fileName/MaterialGenerator.cs: 7a1e84e4f59380e7e5239b3ef4c25b3a -> 
  custom:scripting/monoscript/fileName/AppIdTemplate.cs: 6158840a30a755581366e743dcc9c88b -> 
  custom:scripting/precompiled-assembly-types:Unity.Burst.Cecil.Mdb: 267a0ac2928f725ab1cc9882bbfb898d -> 
  custom:scripting/monoscript/fileName/GenderConverter.cs: 2dad7d9dd180f9ad9d5fd3db56b5dd88 -> 
  custom:scripting/monoscript/fileName/MeshMaterialCombination.cs: 0953e3d2825874483cd91d5315248f04 -> 
  custom:scripting/monoscript/fileName/int2x2.gen.cs: b89550457ed493745cf779e29d833419 -> 63739a46f5092b211c341383068e9d3a
  custom:scripting/monoscript/fileName/GltFastAvatarImporter.cs: 9f4efa88877b3a3867f6722cddc5d756 -> 
  custom:scripting/monoscript/fileName/SafeStringArrayHelper.cs: c8d46796c0d02dc9724140077fd6c374 -> 
  custom:scripting/monoscript/fileName/AvatarMorphTarget.cs: 503dbaadf99605070075ee4cac74dbad -> 
  custom:scripting/monoscript/fileName/AssetBodyShape.cs: c9e9dbdb245e2386a1145109dad77f87 -> 
  custom:scripting/monoscript/fileName/FunctionPointer.cs: b278ab85034025b7289bef45e0874487 -> 
  custom:scripting/monoscript/fileName/AvatarTemplateData.cs: e97ccaaf03f39ebe82cd43f175df5746 -> 
  custom:scripting/monoscript/fileName/ShaderGUIBase.cs: 7fb39a11e3e3d1eedd0f03177615d302 -> 
  custom:scripting/monoscript/fileName/CoreSettings.cs: 847d60602d08e18e9d04fa78f5936ba2 -> 
  custom:scripting/monoscript/fileName/bool2x3.gen.cs: a73639df76ec913064f3ac91f58b98c5 -> c45708c9bd53a8b7f658164314a10c61
  custom:scripting/monoscript/fileName/AccessorSparseValues.cs: db5840a84ec569c41d701e6c492d0de5 -> 
  custom:scripting/monoscript/fileName/Extensions.cs: 2f0c9f84c7a9b8d3dd04cd0b492d0472 -> 
  custom:scripting/monoscript/fileName/LoginElement.cs: f5eaab16152125d1434cee3a633b5f6a -> 
  custom:scripting/monoscript/fileName/GltFastGameObjectInstantiator.cs: 9c26532965a572abdfcc16220d67c852 -> 
  custom:scripting/monoscript/fileName/Sse2.cs: 790f25d56fba1e7a48c0a0766c0ad6a6 -> 
  custom:scripting/monoscript/fileName/MaterialPbrMetallicRoughness.cs: a9de34389ee8a9b91d27426e5454bf6a -> 
  custom:scripting/monoscript/fileName/math.cs: 84897ebc80325b58465d1a856e47c89e -> 3e1f77dfafdda862ef1fdae58189cdb5
  custom:scripting/monoscript/fileName/double4x3.gen.cs: d5e192211e239db73c016b47e641c333 -> 0f480b77cbe2235a6a07fec4a8104303
  custom:scripting/monoscript/fileName/BurstPlatformAotSettings.cs: e55a3d6d232eb892da58dcc30668a0b8 -> 
  custom:scripting/monoscript/fileName/BurstMath.cs: d94624ee519cab4bff493f67794b1527 -> 
  custom:scripting/monoscript/fileName/BurstReflection.cs: a904f9b2bf9ba0accae4702e11f47640 -> 
  custom:scripting/monoscript/fileName/int3.gen.cs: 9e9f576d507fb3936c89b523e378eb23 -> f3e7aece5ea81aaaacfae8f3b0dbf645
  custom:scripting/monoscript/fileName/quaternion.cs: 7189ca19bff9611f6da0aa0a9c59bf0b -> 0762c6482396ed4f34408952c0956647
  custom:scripting/monoscript/fileName/float4x4.gen.cs: cccf3207dd639016e8d0fc5b940ce646 -> a5bb36679a244217e37dd9fb5d3d2ed4
  custom:scripting/monoscript/fileName/double3x4.gen.cs: d966fefecbb21e1878e781b6e6eb9bc1 -> d3f6959e28d6480d7d5313a2c890e5a1
  custom:scripting/precompiled-assembly-types:glTFast.Export: 6ee2a9b4cca486d31776fa4b0fba2e44 -> 
  custom:scripting/monoscript/fileName/BurstMenu.cs: ba8f72dcdc01403dc080f70f4b855f19 -> 
  custom:scripting/monoscript/fileName/half4.gen.cs: 0f1fcad15aa401d00bc4590770c4f62b -> abea9356568c8480c38dd790db58969d
  custom:scripting/monoscript/fileName/AuthorizedRequest.cs: 69ad8798115f32b0c0d0f8c06a978371 -> 
  custom:scripting/monoscript/fileName/ImageExport.cs: 1194f3416e2a5e5c133b7e4f04b26bfe -> 
  custom:scripting/monoscript/fileName/UserAvatarsResponse.cs: c2fc4d3b7c857ee3246ea7eedcea7c84 -> 
  custom:scripting/monoscript/fileName/ExportJobs.cs: 7dd5b3a3f2729a39b153a4a2bbeb05b1 -> 
  custom:scripting/monoscript/fileName/EyeAnimationHandler.cs: fe7006a1dbf14050871c8ff332455b78 -> 
  custom:scripting/monoscript/fileName/noise2D.cs: 910f0614e94a5348f941ea0d56b2c568 -> 2eb29bf877494e27d7b8d68303a33727
  custom:scripting/monoscript/fileName/IInstantiator.cs: f419a39dd0c345c63f46c3866387bc9d -> 
  custom:scripting/monoscript/fileName/AvatarDownloader.cs: 4a5bcdb5f771172add0ab46f0b0fd96e -> 
  custom:scripting/monoscript/fileName/AnimationChannel.cs: 67421bd163adeb7798a9c7fddd4bf5dd -> 
  custom:scripting/monoscript/fileName/BurstEditorOptions.cs: 9c5afa3a809e97579143a619b525af7f -> 
  custom:scripting/monoscript/fileName/bool2.gen.cs: 861fe78322050118fc595dc4284cae94 -> 26e96b66e2dc8fbd46eb4ce6284c510a
  custom:scripting/monoscript/fileName/GltfImporterEditor.cs: b8533bb5c5c506f0709f046574886b5e -> 
  custom:scripting/monoscript/fileName/GltfGlobals.cs: 9c51f72cbfa79f6cf9ae5b19d892dddc -> 
  custom:scripting/monoscript/fileName/VertexBufferConfig.cs: 90647cc400823b41df847a6cbfc29026 -> 
  custom:scripting/monoscript/fileName/WebRequestDispatcherExtension.cs: 15154b357bc9a8ec242052f13f188bf5 -> 
  custom:scripting/monoscript/fileName/ResponseFile.cs: 45bf1a1004e6a2b5ea84ff335b17882a -> 
  custom:scripting/monoscript/fileName/int3x2.gen.cs: 3102a78c1d8b0f67c6797c0bf649d991 -> 3713def57441460b7d8181bf2ebb068b
  custom:scripting/monoscript/fileName/random.cs: 9095e89a9c9a9233dfc5faa4dc75c33b -> 773187f16d25a3763332e4d0e08067fb
  custom:scripting/monoscript/fileName/ImportSettings.cs: dfcf42ac5db08e82f6fa467d53182cf4 -> 
  custom:scripting/monoscript/fileName/GLTFDeferAgent.cs: a1523fe6bf31b7b764617e4c0369d901 -> 
  custom:scripting/monoscript/fileName/ICodeLogger.cs: ad7cc465ac755f2f9d5fc784e4b6b805 -> 
  custom:scripting/monoscript/fileName/AvatarAPIRequests.cs: 6b11cd6b3f083c4571f85cd04b1a98c6 -> 
  custom:scripting/monoscript/fileName/float3x2.gen.cs: 545e8762f0e28e5bb1be1c472fa039dd -> c82cdc670988a624afef0b4a59da9960
  custom:scripting/monoscript/fileName/MeshPrimitive.cs: 7f1437fa42dae79b494ecab5e5fe5516 -> 
  custom:scripting/monoscript/fileName/int4x2.gen.cs: 06de189ab87954f032d6395001af7bcc -> 03019ae5b6ae2c22f6bcc41f109a6f3f
  custom:scripting/monoscript/fileName/LogoutElement.cs: f61e9a0fcc0e6f7f0deec3eb4ee8216b -> 
  custom:scripting/monoscript/fileName/MeshExtras.cs: 9b8d7991ec9c8537429cda14a3484de8 -> 
  custom:scripting/monoscript/fileName/AmplitudeEventLogger.cs: 184d3a78da3241958f746f3dcf6aeeb2 -> 
  custom:scripting/monoscript/fileName/GltfAssetDependency.cs: 173b9677138bbbca51daf5b3ac4c07ff -> 
  custom:scripting/precompiled-assembly-types:Unity.Burst.Cecil: 997689720027a6523ba4efde94923b20 -> 
  custom:scripting/monoscript/fileName/AmplitudeEditorLogger.cs: c716d8f667468b53bef8f251dc58cdbc -> 
  custom:scripting/monoscript/fileName/double3.gen.cs: 5154079fb312071cf35601a361004703 -> 377c7acd7948bf71aea5d8cf8236ee9b
  custom:scripting/monoscript/fileName/SkipLocalsInitAttribute.cs: e4f8d5a888902955673e1ed6a9dfb76a -> 
  custom:scripting/monoscript/fileName/AssumeRangeAttribute.cs: d3abc900d6b7c73addcf3398d2779a03 -> 
  custom:scripting/monoscript/fileName/Fma.cs: 550ccd401d2d76d5e362c6ec284ceeaa -> 
  custom:scripting/monoscript/fileName/IJsonObject.cs: ed865b683d584171e6dc07b14c7b4f61 -> 
  custom:scripting/monoscript/fileName/ImportSettingsEditor.cs: 20dc7c601773ea74daa9a51c42b21b12 -> 
  custom:scripting/monoscript/fileName/MetadataDownloader.cs: c8d80e695eb6bedce8b6ec0c7c11db9c -> 
  custom:scripting/monoscript/fileName/JsonWriter.cs: e669f18227240565fd9507d4de2ef387 -> 
  custom:scripting/monoscript/fileName/EnumExtensions.cs: 49b22220856615a60e5377d7d616de24 -> 872fcb89b813d64606e680211dede528
  custom:scripting/monoscript/fileName/float2x3.gen.cs: f18325e6146a706cc21256589a35acb7 -> dd8be2164b904b64628efafb474868f4
  custom:scripting/monoscript/fileName/GltfImporter.cs: 62aa7452bef1eaf272bb7c44b61201c2 -> 
  custom:scripting/precompiled-assembly-types:ReadyPlayerMe.AvatarCreator: e91740936f5c220ec91215139cbe192c -> 
  custom:scripting/monoscript/fileName/PhotoPrivacyTerms.cs: 292629796bf7a0bf382d48bc3384f45b -> 
  custom:video-encoder-webm-vp8: eb34c28f22e8b96e1ab97ce403110664 -> 
  custom:scripting/monoscript/fileName/Sse4_2.cs: 550ccd401d2d76d5e362c6ec284ceeaa -> 
  custom:scripting/monoscript/fileName/VertexStructs.cs: ae1f404b9426d3af36c9ddabf997777b -> 
  custom:scripting/monoscript/fileName/BuildPostProcessor.cs: 82d759a596fb58edb659d8a2cf5bf65e -> 
  custom:scripting/monoscript/fileName/SignupElement.cs: 5d4408a3987bc901e762cb325f11dd09 -> 
  custom:scripting/monoscript/fileName/GameObjectBoundsInstantiator.cs: 3b941340e3bff4274f54494bae188b28 -> 
  custom:scripting/monoscript/fileName/ImageCreateContext.cs: abcabfbedd7b6ce64ca993edb5e3f690 -> 
  custom:scripting/monoscript/fileName/AvatarListElement.cs: eb204dea4849f02d83e715b4264b05be -> 
  custom:scripting/monoscript/fileName/SamplerKey.cs: 8c126b8c331dc4430cf4497c3c1b89e0 -> 
  custom:scripting/monoscript/fileName/MessagePanel.cs: 221014bf702b3db4f9168817f34a91ed -> 
  custom:scripting/monoscript/fileName/OperationExecutor.cs: 90647cc400823b41df847a6cbfc29026 -> 
  custom:scripting/monoscript/fileName/CameraOrthographic.cs: 063ef90bb00ec0ad613139ea2b39bfd2 -> 
  custom:scripting/monoscript/fileName/AvatarMeshHelper.cs: cfb4b1cc904a64bd7db7be5c88d750f0 -> 
  custom:scripting/monoscript/fileName/Avx.cs: 790f25d56fba1e7a48c0a0766c0ad6a6 -> 
  custom:scripting/monoscript/fileName/MorphTargetContext.cs: 3bb6db0753bd4b90afbcf8be20e41cd7 -> 
  custom:scripting/monoscript/fileName/TextureInfo.cs: 9cff02f855c2b56703a6c62ce8456918 -> 
  custom:scripting/monoscript/fileName/WebRequestDispatcher.cs: cbb3055b238eee38fc7af1b7d6dae4bc -> 
  custom:scripting/monoscript/fileName/Ssse3.cs: 790f25d56fba1e7a48c0a0766c0ad6a6 -> 
  custom:scripting/monoscript/fileName/AssetAPIRequests.cs: 3cca9820ff521a8f41878d020d620b8c -> 
  custom:scripting/monoscript/fileName/AnalyticsRuntimeLogger.cs: da28bb3f974161714f995b72906827e0 -> 
  custom:scripting/monoscript/fileName/AvatarRenderHelper.cs: 0bbbb9a9867abebfba1b81e0944929ae -> 
  custom:scripting/precompiled-assembly-types:ReadyPlayerMe.Core.Editor: 48659ea30070c608dc70f80e777c4c70 -> 
  custom:scripting/monoscript/fileName/double2x4.gen.cs: a9aedae31eab942a01dd81f5ba23ebf4 -> 685c5fa921181be1c5c2624181389ad3
  custom:scripting/monoscript/fileName/Jobs.cs: e834231fc98840f565c51ea84f3e8427 -> 
  custom:scripting/monoscript/fileName/IBufferView.cs: c7f4444515f72836b4975d920ed20647 -> 
  custom:scripting/monoscript/fileName/uint4.gen.cs: 51a7f5c759ac89d78a4704a138bbec45 -> 39973cd09553f87c6828ba478621c98d
  custom:scripting/monoscript/fileName/SelectionElement.cs: d31e6c7a383a421894a0708fe036b153 -> 
  custom:scripting/monoscript/fileName/cellular2D.cs: 910f0614e94a5348f941ea0d56b2c568 -> 2eb29bf877494e27d7b8d68303a33727
  custom:scripting/monoscript/fileName/double2x3.gen.cs: ac0d6fc940b41f658b24853cf23739e5 -> 2fbeb18c538397a8260f5c41cab0741e
  custom:scripting/monoscript/fileName/Mathematics.cs: 96564f777d893219579f7cd1fafa7e92 -> 
  custom:scripting/monoscript/fileName/DracoExportSettings.cs: a65c16d08cd77d14b9decb8f9315341e -> 
  custom:scripting/monoscript/fileName/noise4D.cs: 910f0614e94a5348f941ea0d56b2c568 -> 2eb29bf877494e27d7b8d68303a33727
  custom:scripting/monoscript/fileName/BurstILPostProcessor.cs: caa97838ab13c1add4a98ae3f9820b7e -> 
  custom:scripting/monoscript/fileName/UninterruptedDefaultDeferAgent.cs: 7db7e6ab13629c614ccdddbd539069da -> 
  custom:scripting/monoscript/fileName/Mesh.cs: 4b606cbe4fb92a81565fde70d5f7e302 -> 
  custom:scripting/monoscript/fileName/LightPunctualExtension.cs: de1fc4d7452178fa7eb8147591d8cbf0 -> 
  custom:scripting/monoscript/fileName/AccessorSparseIndices.cs: f388c9bfc7f2d5ea1f6fbadb1630f1b4 -> 
  custom:scripting/monoscript/fileName/AvatarRenderLoader.cs: 3f620fb607e1f06c32b20ca17e878bc5 -> 
  custom:scripting/monoscript/fileName/EditorAvatarLoader.cs: 9bd13b6acb83b33b53953fbac7c00e8b -> 
  custom:scripting/monoscript/fileName/AppData.cs: 71a16bb43931f2c2952cccda33f6e609 -> 
  custom:scripting/monoscript/fileName/Sampler.cs: 1b560d20d140a0fe05c8fb2b3399954a -> 
  custom:scripting/monoscript/fileName/MeshPrimitiveExtensions.cs: d6ac0166a1556f69c04364db04583e45 -> 
  custom:scripting/monoscript/fileName/AssetTypeExtensions.cs: 87a11cd1616d3acf33db962ad05b0dc8 -> 
  custom:scripting/monoscript/fileName/DirectoryUtility.cs: c7f8240b9fdf11813583044b4c2b5a28 -> 
  custom:scripting/monoscript/fileName/CategoryHelper.cs: 8caa0fe32a453df6a87b98dea4c4649f -> 
  custom:scripting/monoscript/fileName/RuntimeDebugPanel.cs: ff548314be8871f1be0f0a0fc2247a12 -> 
  custom:scripting/monoscript/fileName/common.cs: 910f0614e94a5348f941ea0d56b2c568 -> 2eb29bf877494e27d7b8d68303a33727
  custom:scripting/monoscript/fileName/uint2x2.gen.cs: 34db4f212de91eba69f70b6af2f41d23 -> ef58eafb69337704525106c30b2f9c86
  custom:scripting/monoscript/fileName/float3x3.gen.cs: 7de503ab17ef781383880adc785d106c -> 48f350102ac697de2455487383306e62
  custom:scripting/monoscript/fileName/ModuleList.cs: 9e132eaa5ad02ff35cd7ed191b62b041 -> 
  custom:scripting/monoscript/fileName/RawImageExtensions.cs: c51bf89e5f83939d7d36bbde04ff85d4 -> 
  custom:scripting/monoscript/fileName/BurstCompilerOptions.cs: 462794c2cc7370a72a60909850bd4bd6 -> 
  custom:scripting/monoscript/fileName/AvatarRenderDownloader.cs: 58acb1d820bac8b8f38ef367c8e81b96 -> 
  custom:scripting/monoscript/fileName/float2.gen.cs: ccda4318c59b6be9ac0ec9d903bd32eb -> 6120954cdb3e1af6bb1e798ca56424e4
  custom:scripting/monoscript/fileName/NormalTextureInfo.cs: 50d1cf091e330d34c5513cb0e2930bdb -> 
  custom:scripting/monoscript/fileName/bool3x3.gen.cs: 754b61059993a0b49e4b0f1336d4eca5 -> f3dd982fcc1d0b33ec635c43c306a1b8
  custom:scripting/monoscript/fileName/BurstDisassembler.Core.LLVMIR.info.cs: b15d06942db1ac71042be253eef84e7f -> 
  custom:scripting/monoscript/fileName/NEON_AArch64_dotprod.cs: 68ba95faf7f0f0403852fb6af2a2f956 -> 
  custom:scripting/monoscript/fileName/BuiltInShaderGUI.cs: 12e6eaca736a75c699b528574dce79a8 -> 
  custom:scripting/monoscript/fileName/AmplitudeKeys.cs: ca9be0a4009f792357f5b17365fd5a35 -> 
  custom:scripting/monoscript/fileName/BurstStringSearch.cs: 69d0ecca394873c1593eee16bae2761c -> 
  custom:scripting/monoscript/fileName/double4x2.gen.cs: 84122ae38bb713fba1bd132464694529 -> 530f8410a1ca9a96d8c16e723573cfae
  custom:scripting/monoscript/fileName/Texture.cs: d7f55326360589d35a1bb85655067651 -> 
  custom:scripting/monoscript/fileName/PackageManagerEventListener.cs: 26cb59a839e6952366b5ab358f128dcb -> 
  custom:scripting/monoscript/fileName/PrimitiveVectorDrawer.cs: 29686ab5ff7580200bc34657b1e09832 -> 3e4cc385215599322653e09117c642ee
  custom:scripting/monoscript/fileName/Node.cs: e3db1889a3eb1f32456ad5d99c29bc4d -> 
  custom:scripting/monoscript/fileName/MenuEntries.cs: a2e0c91c0d02dccfd892abf4b35a4a4b -> 
  custom:scripting/monoscript/fileName/CreatedUser.cs: 96f49e7309db52b50dfd247902d19564 -> 
  custom:scripting/monoscript/fileName/Sse4_1.cs: 790f25d56fba1e7a48c0a0766c0ad6a6 -> 
  custom:scripting/monoscript/fileName/ILPostProcessing.cs: bf24e0d53d12752a069f04d5a4bfdf42 -> 
  custom:scripting/monoscript/fileName/ModelAssetProcessor.cs: 06b259f0833a06a252cbf16af5047dd5 -> 
  custom:scripting/monoscript/fileName/AnalyticsRuntimeLoggerExtension.cs: a1df2e708dfe0b8454f6045b6c97f535 -> 
========================================================================
Received Prepare
Caller must complete domain reload
Begin MonoManager ReloadAssembly
Symbol file LoadedFromMemory is not a mono symbol file
- Loaded All Assemblies, in  1.124 seconds
Native extension for WindowsStandalone target not found
Native extension for Android target not found
CoreSettings could not be loaded.
UnityEngine.StackTraceUtility:ExtractStackTrace ()
UnityEngine.DebugLogHandler:LogFormat (UnityEngine.LogType,UnityEngine.Object,string,object[])
UnityEngine.Logger:Log (UnityEngine.LogType,object)
UnityEngine.Debug:LogWarning (object)
ReadyPlayerMe.Core.CoreSettingsHandler:get_CoreSettings () (at ./Library/PackageCache/com.readyplayerme.core@c963f808f6/Runtime/Core/Scripts/CoreSettingsHandler.cs:17)
ReadyPlayerMe.Core.Editor.CoreSettingsLoader:EnsureSettingsExist () (at ./Library/PackageCache/com.readyplayerme.core@c963f808f6/Editor/Core/Scripts/Settings/CoreSettingsLoader.cs:21)
ReadyPlayerMe.Core.Editor.CoreSettingsLoader:.cctor () (at ./Library/PackageCache/com.readyplayerme.core@c963f808f6/Editor/Core/Scripts/Settings/CoreSettingsLoader.cs:16)
System.Runtime.CompilerServices.RuntimeHelpers:RunClassConstructor (System.RuntimeTypeHandle)
UnityEditor.EditorAssemblies:ProcessInitializeOnLoadAttributes (System.Type[])

(Filename: ./Library/PackageCache/com.readyplayerme.core@c963f808f6/Runtime/Core/Scripts/CoreSettingsHandler.cs Line: 17)

System.Reflection.TargetInvocationException: Exception has been thrown by the target of an invocation. ---> System.NullReferenceException: Object reference not set to an instance of an object
  at Unity.XR.Oculus.OculusLoader.AssetPathToAbsolutePath (System.String assetPath) [0x0003d] in .\Library\PackageCache\com.unity.xr.oculus@4.5.4\Runtime\OculusLoader.cs:312 
  at Unity.XR.Oculus.OculusLoader.EditorLoadOVRPlugin () [0x0008c] in .\Library\PackageCache\com.unity.xr.oculus@4.5.4\Runtime\OculusLoader.cs:297 
  at (wrapper managed-to-native) System.Reflection.RuntimeMethodInfo.InternalInvoke(System.Reflection.RuntimeMethodInfo,object,object[],System.Exception&)
  at System.Reflection.RuntimeMethodInfo.Invoke (System.Object obj, System.Reflection.BindingFlags invokeAttr, System.Reflection.Binder binder, System.Object[] parameters, System.Globalization.CultureInfo culture) [0x0006a] in <1071a2cb0cb3433aae80a793c277a048>:0 
   --- End of inner exception stack trace ---
  at System.Reflection.RuntimeMethodInfo.Invoke (System.Object obj, System.Reflection.BindingFlags invokeAttr, System.Reflection.Binder binder, System.Object[] parameters, System.Globalization.CultureInfo culture) [0x00083] in <1071a2cb0cb3433aae80a793c277a048>:0 
  at System.Reflection.MethodBase.Invoke (System.Object obj, System.Object[] parameters) [0x00000] in <1071a2cb0cb3433aae80a793c277a048>:0 
  at UnityEditor.EditorAssemblies.ProcessInitializeOnLoadMethodAttributes () [0x000a5] in <4b8f645257c94d1296f440a10c6f388e>:0 
UnityEngine.StackTraceUtility:ExtractStackTrace ()
UnityEngine.DebugLogHandler:LogFormat (UnityEngine.LogType,UnityEngine.Object,string,object[])
UnityEngine.Logger:Log (UnityEngine.LogType,object)
UnityEngine.Debug:LogError (object)
UnityEditor.EditorAssemblies:ProcessInitializeOnLoadMethodAttributes ()

Mono: successfully reloaded assembly
[Package Manager] Server::EnsureServerProcessIsRunning -- launch failed, reason: Unity was launched with the -noUpm command-line argument
[Package Manager] UpmClient::Send -- Unable to send message (not connected to UPM process).
[Package Manager] Cannot connect to Unity Package Manager local server
- Finished resetting the current domain, in  2.299 seconds
Domain Reload Profiling: 3405ms
	BeginReloadAssembly (255ms)
		ExecutionOrderSort (0ms)
		DisableScriptedObjects (6ms)
		BackupInstance (0ms)
		ReleaseScriptingObjects (0ms)
		CreateAndSetChildDomain (51ms)
	RebuildCommonClasses (51ms)
	RebuildNativeTypeToScriptingClass (15ms)
	initialDomainReloadingComplete (58ms)
	LoadAllAssembliesAndSetupDomain (728ms)
		LoadAssemblies (632ms)
		RebuildTransferFunctionScriptingTraits (0ms)
		AnalyzeDomain (228ms)
			TypeCache.Refresh (173ms)
				TypeCache.ScanAssembly (153ms)
			ScanForSourceGeneratedMonoScriptInfo (38ms)
			ResolveRequiredComponents (15ms)
	FinalizeReload (2299ms)
		ReleaseScriptCaches (0ms)
		RebuildScriptCaches (0ms)
		SetupLoadedEditorAssemblies (772ms)
			LogAssemblyErrors (0ms)
			InitializePlatformSupportModulesInManaged (34ms)
			SetLoadedEditorAssemblies (4ms)
			RefreshPlugins (0ms)
			BeforeProcessingInitializeOnLoad (145ms)
			ProcessInitializeOnLoadAttributes (397ms)
			ProcessInitializeOnLoadMethodAttributes (170ms)
			AfterProcessingInitializeOnLoad (21ms)
			EditorAssembliesLoaded (0ms)
		ExecutionOrderSort2 (0ms)
		AwakeInstancesAfterBackupRestoration (15ms)
Refreshing native plugins compatible for Editor in 42.02 ms, found 13 plugins.
Preloading 1 native plugins for Editor in 0.16 ms.
Unloading 6339 Unused Serialized files (Serialized files now loaded: 0)
Unloading 98 unused Assets / (1.2 MB). Loaded Objects now: 6822.
Memory consumption went from 200.7 MB to 199.5 MB.
Total: 4.807500 ms (FindLiveObjects: 0.526000 ms CreateObjectMapping: 0.306700 ms MarkObjects: 3.254300 ms  DeleteObjects: 0.719400 ms)

Prepare: number of updated asset objects reloaded= 0
AssetImportParameters requested are different than current active one (requested -> active):
  custom:scripting/monoscript/fileName/Common.cs: 6ffc11e45ee8ab7a7d4178988978e63b -> 
  custom:scripting/monoscript/fileName/uint3x3.gen.cs: 46f89d8a7f81b6035a7e26991fbc72e8 -> b354ea0e62ee3ca695eba400f73bf8a2
  custom:scripting/monoscript/fileName/StandardMaterialExport.cs: 592ef7ee80af89dc27f9475aeba8ff99 -> 
  custom:scripting/monoscript/fileName/MaterialTransmission.cs: d420990723615d4dd1898a0acc1ba9db -> 
  custom:scripting/monoscript/fileName/BurstDisassembler.Core.Wasm.info.cs: b15d06942db1ac71042be253eef84e7f -> 
  custom:scripting/monoscript/fileName/GameObjectInstantiator.cs: ec54409074271468670cb43e29b2482a -> 
  custom:scripting/monoscript/fileName/AvatarData.cs: a442d67655afe0fb0120bd9bc52f4057 -> 
  custom:scripting/monoscript/fileName/AnimationUtils.cs: 8f6f25f941ebb934700581795257c3be -> 
  custom:scripting/monoscript/fileName/Image.cs: 57c031c69d708eb6bcb555c142754782 -> f32195bbbc1ca9edcb6c8c6185597e40
  custom:scripting/monoscript/fileName/BurstInspectorGUI.cs: 3b3371d5330c1720f59a915caa210691 -> 
  custom:scripting/monoscript/fileName/RootExtensions.cs: 8dfad5c5c2667e81a494fd72d4ec0c70 -> 
  custom:scripting/monoscript/fileName/UrlProcessor.cs: b2a547705ff72ce8316c5f4d97ba5a50 -> 
  custom:scripting/monoscript/fileName/affine_transform.cs: ea7249476585feff13aa54bd2ccb69b0 -> 
  custom:scripting/monoscript/fileName/Aliasing.cs: fa54b7e36cebab64c6f4b438ce5bbbb0 -> 
  custom:scripting/monoscript/fileName/AvatarPropertiesConstants.cs: cb372aca6083f4ccd3d3b1eeb8bc9307 -> 
  custom:scripting/monoscript/fileName/AvatarAnimationHelper.cs: 5c73e981c3d491430140d12805432fcf -> 
  custom:scripting/monoscript/fileName/uint4x4.gen.cs: 4b02c6eee0f00ce1a388bc44dd5ccc7c -> 7732c53bd697b7eb03dd735297da0fc1
  custom:scripting/monoscript/fileName/ModuleInfo.cs: 92dd1308d5229ca6e9492aa12bde9bd0 -> 
  custom:container-demuxer-ogg: 62fdf1f143b41e24485cea50d1cbac27 -> 
  custom:scripting/monoscript/fileName/SettingsEditor.cs: 27d76a7c53febb83f47af5f3e8612fed -> 
  custom:scripting/monoscript/fileName/v64.cs: 73e2a46ccd31f5cae0a785e2a9658313 -> 
  custom:scripting/monoscript/fileName/BurstDisassembler.Core.x86.cs: b15d06942db1ac71042be253eef84e7f -> 
  custom:scripting/monoscript/fileName/IMaterialGenerator.cs: 234fd68547b0fa280ed333d0ebfbc1af -> 
  custom:scripting/precompiled-assembly-types:Unity.Burst.Unsafe: 4f83dd30d4d7964b63b36d2fe1e95684 -> 
  custom:scripting/monoscript/fileName/RootExtension.cs: c1c9761dce6316305d9d3be37530fa5d -> 
  custom:scripting/monoscript/fileName/BurstDisassembler.Core.LLVMIR.cs: b15d06942db1ac71042be253eef84e7f -> 
  custom:scripting/monoscript/fileName/ValidatorUtil.cs: 5cf1a346b9c7c1185bdf877dceaa4c03 -> 
  custom:scripting/monoscript/fileName/SimdDebugViews.cs: ee065a215655effb5244eeef3e220fd7 -> 
  custom:scripting/monoscript/fileName/BuildPreprocessor.cs: 4ecbc52da22a36063773d1d06ecb8481 -> 
  custom:scripting/monoscript/fileName/IDownload.cs: 363e01430c8bf195a7afc12a5e0ded4e -> 
  custom:scripting/monoscript/fileName/BurstDisassembler.Core.ARM64.cs: b15d06942db1ac71042be253eef84e7f -> 
  custom:scripting/monoscript/fileName/PbrMetallicRoughness.cs: 294ca8c177f33c3089c09acdaf8a254f -> 
  custom:scripting/precompiled-assembly-types:Unity.Burst.Editor: 9700c786cdfeaf9f4017c0c1ac262b4c -> 
  custom:scripting/monoscript/fileName/PbrSpecularGlossiness.cs: 958049b6761c14eb98a23d0f14089167 -> 
  custom:scripting/monoscript/fileName/Bmi1.cs: 790f25d56fba1e7a48c0a0766c0ad6a6 -> 
  custom:scripting/monoscript/fileName/EntryPoint.cs: 040a905e714d2e549d16cd1b5c518ae4 -> 
  custom:scripting/precompiled-assembly-types:ReadyPlayerMe.AvatarCreator.Editor: d25ce4768cd01d5a473611eaf9647219 -> 
  custom:scripting/monoscript/fileName/CacheManager.cs: 7e8e7f4d4093483ae2cbfd66caf15429 -> 
  custom:scripting/monoscript/fileName/AuthDataConverter.cs: 2dd35aea24726f45f9d644e7e29954d3 -> 
  custom:scripting/monoscript/fileName/BurstDisassembler.Core.cs: e5f812d5efcd2a5c78433604ae4d6b38 -> 
  custom:scripting/monoscript/fileName/bool4.gen.cs: 89d5db5b25176f8ce2b31291a8fcf567 -> ca7c0171e1585aef1c2900b66db0977a
  custom:scripting/monoscript/fileName/MaterialExport.cs: ac1fba8dc00b594b8cb81d227f6e6139 -> 
  custom:scripting/monoscript/fileName/UrlConfig.cs: dcc39761095ce0c7defaeb57fc9c05fa -> 
  custom:scripting/monoscript/fileName/BurstLoader.cs: ff77f8ae1ba38c1e7af1923752743ddf -> 
  custom:scripting/monoscript/fileName/float4x3.gen.cs: 5e75d4a49b27c7bfdc5d24ca328726c6 -> 82da2e74a1c9948cc673acd7425c23e5
  custom:scripting/monoscript/fileName/float3x4.gen.cs: e028949e7cd389a54d6b8ef7c0e4a804 -> f425eda36f0a9a6a9785ce693ab31c65
  custom:scripting/monoscript/fileName/AvatarConfigMap.cs: 83992d5eb86ab8640d8747916de7fcf1 -> 
  custom:scripting/monoscript/fileName/math_unity_conversion.cs: a14c20536b1fc0611d8629220aec8be2 -> 717272b42fdbca1935830b3071b2da3c
  custom:framework-win-MediaFoundation: 216162199b28c13a410421893ffa2e32 -> 
  custom:scripting/monoscript/fileName/DontDestroyOnLoad.cs: 5e5f30246f7d631a6cbf89148a933314 -> 
  custom:scripting/monoscript/fileName/ProjectPrefs.cs: 4acc1e01ea8f30e430ec902500407def -> 
  custom:scripting/monoscript/fileName/NoAliasAttribute.cs: 47e40919f04b49dc8701e6216f1351d4 -> 
  custom:scripting/monoscript/fileName/ApplicationData.cs: 48af28049c5f400f2ce6973be65a4b5a -> 
  custom:scripting/monoscript/fileName/AvatarLoaderWindow.cs: 5577704aa0a455eec57e36b9e13d3ae1 -> 
  custom:scripting/monoscript/fileName/AvatarConfigTemplate.cs: 2cd60997ed89eb2d37c0252fcee764a4 -> 
  custom:scripting/monoscript/fileName/CategoryConverter.cs: bd731bbd133566976ca053bde47d8c7a -> 
  custom:scripting/monoscript/fileName/BuiltInMaterialGenerator.cs: 7d57361bb2fd5da6bf796e652fca4420 -> 
  custom:scripting/monoscript/fileName/MaterialUnlit.cs: a980dda70a436c6881ceb111c9e49ec1 -> 
  custom:scripting/monoscript/fileName/AvatarManager.cs: d28c3fd70b24a21a548c391f19cda22b -> 
  custom:scripting/monoscript/fileName/bool3x2.gen.cs: 7f2024bb8e107c3b85f93e6847f677c0 -> 6ad67e842e9f001f4905675e041c0394
  custom:scripting/monoscript/fileName/ExtensionMethods.cs: 1c501fc6674c7c7c994a1e2404894393 -> 
  custom:scripting/monoscript/fileName/half2.gen.cs: 7816131b273dfbe62c7a27c74161c262 -> a6f90a50ab057fcfbb93f80dff9467ec
  custom:scripting/monoscript/fileName/InCreatorAvatarLoader.cs: 690adab468d6781ffe14961e0e40fa32 -> 
  custom:scripting/monoscript/fileName/CoreSettingsHandler.cs: 2818644b88ab1d8031a1e5d4636376d8 -> 
  custom:scripting/monoscript/fileName/v128.cs: e021cba7e9c369437e29248cab7adb92 -> 
  custom:scripting/monoscript/fileName/DefaultDeferAgent.cs: 9c605a9b5f73986dbcbdc3cac9a26e33 -> 
  custom:scripting/monoscript/fileName/AuthManager.cs: e103ee50470bff7d275057ea5d5ea21b -> 
  custom:scripting/precompiled-assembly-types:Unity.Burst: 813d3b3d85b4f226cca91b96115edc25 -> 
  custom:scripting/monoscript/fileName/ImportAddonRegistry.cs: e5567f695f33f863e006b4d774c2afef -> 
  custom:scripting/monoscript/fileName/AmplitudeRuntimeLogger.cs: 096e9d625f64add989f6a5f3969278e7 -> 
  custom:scripting/monoscript/fileName/PartnerAsset.cs: 4c5ea509cc7aed5d15aae2806af0021f -> 
  custom:scripting/monoscript/fileName/SharedStatic.cs: f05c0e41a9966bdff75df2ec1c0154e3 -> 
  custom:scripting/monoscript/fileName/AuthConstants.cs: 005a199f6d1a8645ce29959f9219eb83 -> 
  custom:scripting/monoscript/fileName/Sse3.cs: 790f25d56fba1e7a48c0a0766c0ad6a6 -> 
  custom:scripting/monoscript/fileName/noise3Dgrad.cs: 910f0614e94a5348f941ea0d56b2c568 -> 2eb29bf877494e27d7b8d68303a33727
  custom:scripting/monoscript/fileName/BurstDisassembler.Core.ARM64.info.cs: b15d06942db1ac71042be253eef84e7f -> 
  custom:scripting/monoscript/fileName/bool4x2.gen.cs: 586d6e84a82661c406c0747e29931ce1 -> 5e92d30f937bc7e4e4a07b2b81c06b27
  custom:scripting/monoscript/fileName/AnalyticsEditorLogger.cs: 200053d84e64391f5cd71211cdccca55 -> 
  custom:scripting/monoscript/fileName/Plane.cs: c32fcb4d635f10949ba9a2b53f7d21ec -> 69547098044c0683a5ff9d9b8674a0ba
  custom:scripting/monoscript/fileName/AvatarRenderSettings.cs: 7fddec7be759bcf93c9dedd2bdb7137f -> 
  custom:scripting/monoscript/fileName/AnimationChannelTarget.cs: ee2599788cb8b23284c54336e84ce4f6 -> 
  custom:scripting/monoscript/fileName/MinMaxAABB.cs: 99b6b3f339a5e250751ae4f780607d7a -> 87e440667b74c17b186d7505988d93e6
  custom:scripting/monoscript/fileName/CustomEventArgs.cs: 2f46e4063ba0d3c798337a4fdda8e4b7 -> 8349be538a17d0a25c18e1db50bb9fa6
  custom:scripting/monoscript/fileName/WebMessageHelper.cs: b97be5e8112eef78485e050db38f3cb6 -> 
  custom:scripting/monoscript/fileName/double2x2.gen.cs: 1175e86c851890dc199d0e88708ffccb -> 1b24b88380b01d73274245c8a3f891ca
  custom:scripting/monoscript/fileName/IImporter.cs: 97083f79ad454a3888aa9d0e3e014093 -> 
  custom:scripting/monoscript/fileName/CoreSettingsSetter.cs: 1a5e6a6d8fc3d3fb85e932d25f2d6ed3 -> 
  custom:scripting/monoscript/fileName/v256.cs: 47c636eb6f790c9afbde51106c5c5b53 -> 
  custom:scripting/monoscript/fileName/AvatarUrlTemplate.cs: 5b18e6f9e1e30e3a1d6f19d1f187db8a -> 
  custom:scripting/monoscript/fileName/TaskExtensions.cs: 1c0cfa223ae05ce056d7879e3ae8923c -> 
  custom:scripting/monoscript/fileName/ResponseData.cs: a065ae0b354dddde7e844292fe7d7d18 -> 
  custom:scripting/monoscript/fileName/AvatarPreviewElement.cs: 91d6a7ce4ca99160083279761e50512f -> 
  custom:scripting/monoscript/fileName/AvatarCacheConfig.cs: 2f5966bd913b855db91586dcd46d467a -> 
  custom:scripting/monoscript/fileName/Csr.cs: 790f25d56fba1e7a48c0a0766c0ad6a6 -> 
  custom:scripting/monoscript/fileName/GltfJsonUtilityParser.cs: 9fcccf57363e003fdce67a9adf4a9126 -> 
  custom:scripting/monoscript/fileName/ExportSettings.cs: eab93109997cde3485aadfc966ecb3a3 -> 
  custom:scripting/monoscript/fileName/GenericContext.cs: 91513e0bd2facda2d12405e8de8d8a9b -> 
  custom:scripting/monoscript/fileName/classicnoise4D.cs: 910f0614e94a5348f941ea0d56b2c568 -> 2eb29bf877494e27d7b8d68303a33727
  custom:scripting/monoscript/fileName/int4x3.gen.cs: 67f76716aed15a7705ce52ae92c6a128 -> 8504016f71ab8b36158b7cb8a5461a8b
  custom:scripting/monoscript/fileName/classicnoise2D.cs: 910f0614e94a5348f941ea0d56b2c568 -> 2eb29bf877494e27d7b8d68303a33727
  custom:scripting/monoscript/fileName/NEON_AArch64.cs: 68ba95faf7f0f0403852fb6af2a2f956 -> 
  custom:scripting/monoscript/fileName/Hint.cs: 35c736c413c7f058326ce656dfcde31e -> 
  custom:scripting/monoscript/fileName/BurstRuntime.cs: dd1cc6bb42ddae27b5305860068dfb8c -> 
  custom:scripting/monoscript/fileName/IntegrationGuide.cs: 6cd4f3ccf81fad6d9788ad1e1394d7dc -> 
  custom:scripting/monoscript/fileName/IAvatarRotatorInput.cs: 8b2230d747505614d1db6eede615e79b -> 
  custom:scripting/monoscript/fileName/EditorDownloadProvider.cs: 9b266643f8f849c165491a51541247d1 -> 
  custom:scripting/monoscript/fileName/matrix.gen.cs: 1fc7e9a9978c6bc6327a2ef3562b3b82 -> 8040951fec6b586df3a34908a47f7536
  custom:scripting/monoscript/fileName/OcclusionTextureInfo.cs: 34fe9bc3ad1c46c228cef221291e13dd -> 
  custom:scripting/monoscript/fileName/PostNormalizedVectorDrawer.cs: bcc5a130e288cb1ea7e6214244bd90aa -> 1e9cc5a1d5ea64a4691d9edff2f31467
  custom:scripting/monoscript/fileName/TextureDownload.cs: ff5cc8f553522c6fcdddf4bef3f20871 -> 
  custom:scripting/monoscript/fileName/int2x4.gen.cs: 19df88eae659245962107924a4f8beb4 -> 5edaa4c8e18b723d836f4e66d7a2ad24
  custom:scripting/monoscript/fileName/VertexBufferBones.cs: ad4e66a969e11406454d8d6f60beb511 -> 
  custom:scripting/monoscript/fileName/double2.gen.cs: 6d6f846a6947f4edc6c86aae983cab7a -> 9fcc709faf542a3c28101e289489d3c3
  custom:scripting/monoscript/fileName/AvatarObjectLoader.cs: 73bdca3686e709d80c0537fc3b9938e7 -> 
  custom:scripting/monoscript/fileName/bool2x2.gen.cs: 9f5ba9e667296230e5a7dd8098d86f1e -> 4649c574bdda23c59b5d49d1b662bc61
  custom:scripting/monoscript/fileName/uint3x2.gen.cs: cb5adb59636d29fe64c2a59690629fe9 -> e9ed99b7eae876425b9236af5d545e3a
  custom:scripting/precompiled-assembly-types:Unity.Mathematics: b00366944e6a3b525e034d31ff80169e -> eda48956a0bece48f802264722748d9b
  custom:scripting/monoscript/fileName/AvatarAPIParameters.cs: 5d426ad3ee85a22dd487d7ed75a06f55 -> 
  custom:scripting/monoscript/fileName/UriHelper.cs: 98493bb4996c3c173e0f1ee68c8a398a -> 
  custom:scripting/monoscript/fileName/AvatarRotator.cs: 7fa0f88ed1cc81168bfd7848d4bd90c3 -> 
  custom:scripting/monoscript/fileName/NodeExtension.cs: 97d61e5844138f7bddda97b4e80d6282 -> 
  custom:scripting/monoscript/fileName/uint3.gen.cs: 07250d494d70da63323c03829a109a7b -> 2439c557987b3f1dafd36143ddfb8c40
  custom:scripting/monoscript/fileName/double4x4.gen.cs: c712f0479a2da80505c5f34004582140 -> d67599d4a9300cb241e4695cd70324ae
  custom:scripting/monoscript/fileName/ColorLibrary.cs: b69228fe1800ea6821c2eced2c486b9c -> 
  custom:scripting/monoscript/fileName/GraphicsSettingsUtility.cs: 9ccda4d52429dca09ef6b777e5784455 -> 
  custom:scripting/monoscript/fileName/AvatarUri.cs: 6335947eea9c0449d74b885e8f9d43b1 -> 
  custom:scripting/monoscript/fileName/InstantiationSettingsEditor.cs: 50c6ee2b1b46c1979d20674c446c7975 -> 
  custom:scripting/monoscript/fileName/Scene.cs: 56ca70d7203fc093945ae347e968500c -> 
  custom:scripting/monoscript/fileName/BurstDisassembler.Core.Wasm.cs: b15d06942db1ac71042be253eef84e7f -> 
  custom:scripting/monoscript/fileName/BufferViewExtensions.cs: c3caf11ec3b057b2f347d576d7a56886 -> 
  custom:container-muxer-webm: aa71ff27fc2769a1b78a27578f13a17b -> 
  custom:scripting/monoscript/fileName/LabeledPopup.cs: 87f082da9aa2abffd22a5b3019d4e188 -> 
  custom:scripting/monoscript/fileName/BurstDisassembler.cs: d51fb062bede2b9ca5d97ccc2e501c19 -> 
  custom:video-decoder-webm-vp8: 9c59270c3fd7afecdb556c50c9e8de78 -> 
  custom:scripting/monoscript/fileName/AvatarLoaderSettingsCreator.cs: 20f959a5e4af2c3e13c15fd83584576d -> 
  custom:scripting/monoscript/fileName/IGltfWritable.cs: 8a0740fe3782416855214c9ea9f11bfa -> 
  custom:scripting/monoscript/fileName/AvatarCache.cs: 0ff816ad8802050851d214cb4c8874f3 -> 
  custom:scripting/monoscript/fileName/AvatarTemplateFetcher.cs: 52b333a1690b04ab2475fa39ed94cb80 -> 
  custom:scripting/monoscript/fileName/float3.gen.cs: d2a3af208755cfe0205a5add4cbf782b -> 61e461104f30d07064c299c5ac2c9a3e
  custom:scripting/monoscript/fileName/BurstCompileTarget.cs: 5a1d233d747b0d562e7d5017bb80886e -> 
  custom:scripting/monoscript/fileName/Asset.cs: adfee6125f845da587eb8048a152df4e -> 
  custom:scripting/monoscript/fileName/OnScriptsReloadHandler.cs: 1e2293ea2f06a3b4c41947088aa8bd7c -> 
  custom:scripting/monoscript/fileName/PrimitiveCreateContextBase.cs: 0d1f44d595052ce4af3b1d286a51a560 -> 
  custom:scripting/monoscript/fileName/PhotoCaptureElement.cs: abedafde9c7a6455b534f7d46cc58ccb -> 
  custom:scripting/monoscript/fileName/Constant.cs: 9503cddf79e2a3fdeab51cc0257c4da1 -> 
  custom:scripting/monoscript/fileName/NEON_ctor.cs: 68ba95faf7f0f0403852fb6af2a2f956 -> 
  custom:scripting/monoscript/fileName/BufferView.cs: 6a5b83a065de91ea89fb9743e5d5357c -> 
  custom:scripting/monoscript/fileName/int3x3.gen.cs: 8da9d8d1067461c55dbf4fa0f6b692cf -> dc1405f0f1704a2ec1efb4946b5d5f85
  custom:scripting/monoscript/fileName/int4x4.gen.cs: 0e76084ebee4c8312f336ff84d58a04c -> e1c5029dddb71a1513ebdf470db7528e
  custom:SearchIndexIgnoredProperties: e643bd26f0fe6173181afceb89e7c659 -> 
  custom:scripting/monoscript/fileName/bool4x3.gen.cs: fe90c06e5cec5b26385f16e64919351e -> 3b9b4adbcec8eec926ee3ca5bd1a9e49
  custom:scripting/monoscript/fileName/AssetLibrary.cs: b59b1a00b1ed5e1389bab739b2714c6d -> 
  custom:AudioImporter_EditorPlatform: d09bf68614088b80899f8185d706f6e7 -> 
  custom:scripting/precompiled-assembly-types:Unity.Burst.Cecil.Rocks: 437ffcd7628e1436004701f82021574b -> 
  custom:scripting/monoscript/fileName/TextureInfoExtensions.cs: 0d0c6c58fd51f50bc9e6dad1fc1bfbda -> 
  custom:scripting/monoscript/fileName/LightsPunctual.cs: cfd0af635a6d46675e06ceaf40711ea2 -> 
  custom:scripting/monoscript/fileName/IgnoreWarningAttribute.cs: 95b6772ff35299aa9927da5e6696b2f1 -> 
  custom:scripting/monoscript/fileName/FBXAnimationExtractor.cs: 858c87787c1872c58212b951f46ddf64 -> 
  custom:scripting/monoscript/fileName/IOperation.cs: 9b2a24eb4aadb87c273a5da71f6232bc -> 
  custom:scripting/monoscript/fileName/uint4x3.gen.cs: 5c842eaf04659601d64e86e873d2dc4b -> b01c5cd7a56bd5c67682617427bf7881
  custom:scripting/monoscript/fileName/VertexBufferTexCoords.cs: e2ed79b109aa14002be36eb5c8d180fa -> 
  custom:scripting/monoscript/fileName/GenderSelectElement.cs: fe31c9557e5af52a737302940a261067 -> 
  custom:scripting/monoscript/fileName/TimeBudgetPerFrameDeferAgent.cs: 59420c6531406a5e69f109a7d6f7aa69 -> 
  custom:scripting/monoscript/fileName/BurstCompileAttribute.cs: f1834e5146c37c3c879fe10d3c8c9e49 -> 
  custom:scripting/monoscript/fileName/TemplateSelectionElement.cs: c17965e9ec599d534b21bef6b4ea1dbe -> 
  custom:scripting/monoscript/fileName/bool3.gen.cs: f73cc99fcfd3d7b311d94017869f72e0 -> 5af2629b3ff9dbb3bbfcc70064a35529
  custom:scripting/monoscript/fileName/uint4x2.gen.cs: e8b292c670996f99dc647f630b2d028d -> b7591412c0d582e5dffe67f85a90dd0a
  custom:scripting/monoscript/fileName/SetupGuide.cs: a018908fa666deda1feaf789605bb0a2 -> 
  custom:scripting/monoscript/fileName/StringExtensions.cs: 7591d337121a0c744ba5a92113d757d2 -> 8e9e4f2b4fed5724ed48ae76769324bb
  custom:scripting/monoscript/fileName/float4.gen.cs: a5929fc9c81f37a217f61110104af506 -> b782c632ec38515e69077afe722e950b
  custom:scripting/monoscript/fileName/uint3x4.gen.cs: 810549df666bfc264109dae029c3ad17 -> 85b37160b72ca5d09aa390a0ed4ac5d3
  custom:scripting/monoscript/fileName/AvatarPropertiesExtensions.cs: 817729a4235859f2dbc9a78f1b40912d -> 
  custom:scripting/monoscript/fileName/AvatarLoaderSettingsHelper.cs: 01066e42900522e716c582edd0419c51 -> 
  custom:scripting/monoscript/fileName/DestroyMesh.cs: 84ad674044ee5c33c0780ad0a671ffc1 -> 
  custom:scripting/monoscript/fileName/RenderParameterProcessor.cs: 773ffcf2a6c775971eb664618238851b -> 
  custom:scripting/monoscript/fileName/PrefabHelper.cs: 2ea98b1af3b58b57fa3acb22f4bda6db -> 
  custom:scripting/monoscript/fileName/ResponseText.cs: 30cacc6b0febdb07bf8f15b53e133171 -> 
  custom:scripting/monoscript/fileName/AvatarContext.cs: 1f072b9ce316693c78d07aac7f7b7b85 -> 
  custom:scripting/precompiled-assembly-types:glTFast.Editor: 5cb5d5040960e1344ead37799d5b8b0a -> 
  custom:scripting/monoscript/fileName/VertexBufferConfigBase.cs: d0257aca4c5254511ebc207b29019887 -> 
  custom:scripting/monoscript/fileName/CameraFocuser.cs: bd6cafddfc1b0bce7aed7ec85c87fa72 -> 
  custom:scripting/monoscript/fileName/SDKLogger.cs: b5675920afc3036a14b6a530cb20caf0 -> 
  custom:scripting/monoscript/fileName/IMaterialExport.cs: eb33256bc45a98e1d4084eb95eabfb8b -> 
  custom:scripting/monoscript/fileName/EditorImportSettings.cs: d4c6f73f62158af9fb75c9c2dc22825c -> 
  custom:scripting/monoscript/fileName/QueryBuilder.cs: b2e5732625ebe9299370f2d2fa9eb49c -> 
  custom:scripting/monoscript/fileName/MouseRotationHandler.cs: 62508e694096e5deaf69cf78ec71dfb4 -> 
  custom:scripting/monoscript/fileName/OneTimeSetup.cs: 080030bba432e05cd3f796add947aba4 -> 
  custom:scripting/monoscript/fileName/NodeLightsPunctual.cs: 7482b05474e49eaa3bd5009ba594d304 -> 
  custom:scripting/monoscript/fileName/StreamExtension.cs: 9249d5cfad55e2af362ff3c7ecab3eaa -> 
  custom:scripting/monoscript/fileName/NodeExtensions.cs: 2a7d26a365d722ab0365138c29b7e72c -> 
  custom:scripting/monoscript/fileName/Sse.cs: 790f25d56fba1e7a48c0a0766c0ad6a6 -> 
  custom:scripting/monoscript/fileName/GltfAssetBase.cs: 5a7854b8bdd3bbee28b24f4c2fd48d1d -> 
  custom:scripting/monoscript/fileName/PrimitiveCreateContext.cs: 8f10ed56e6f0f31bb5549dd4ca179fb4 -> 
  custom:scripting/monoscript/fileName/ShaderGraphGUI.cs: 91fd2c53908a9d4dca0caac608f0a510 -> 
  custom:scripting/monoscript/fileName/AuthAPIRequests.cs: f13f248f0b7d65b054fe5de5ddc514ae -> 
  custom:scripting/monoscript/fileName/SelectionButton.cs: fefe4810efdf5c9a334210be2cb7de49 -> 
  custom:scripting/monoscript/fileName/uint2.gen.cs: 16c687047be4a3d9d18671b7f1514a8d -> f442e48493395c3c057fa324c1ed7700
  custom:scripting/monoscript/fileName/AssemblyResolver.cs: d02bbd84bf24106c236ab13c6c3d719f -> 
  custom:scripting/monoscript/fileName/cellular2x2x2.cs: 910f0614e94a5348f941ea0d56b2c568 -> 2eb29bf877494e27d7b8d68303a33727
  custom:scripting/monoscript/fileName/PhotoConfirmationElement.cs: a37e7013b2000c95c9d73f1de23de143 -> 
  custom:scripting/monoscript/fileName/matrix.cs: 3c89deedfaaffcc017fba2cf913f12ee -> 17bd875ecbf69296bc7f1415237b5bf7
  custom:scripting/monoscript/fileName/cellular3D.cs: 910f0614e94a5348f941ea0d56b2c568 -> 2eb29bf877494e27d7b8d68303a33727
  custom:scripting/monoscript/fileName/bool3x4.gen.cs: 42c7ba8bd569aafe7a1ccd38b69ca362 -> dd64119ecce8747c9d345fc62ed63bff
  custom:scripting/monoscript/fileName/NEON.cs: 68ba95faf7f0f0403852fb6af2a2f956 -> 
  custom:scripting/monoscript/fileName/Env.cs: f379ae48ddff5ec02a105cb6bf38b3db -> 
  custom:audio-decoder-ogg-vorbis: bf7c407c2cedff20999df2af8eb42d56 -> 
  custom:scripting/monoscript/fileName/AssetTypeFilterDrawer.cs: 34018cfcd6262c8e0469239f341a7888 -> 
  custom:scripting/monoscript/fileName/int2x3.gen.cs: 19a71af308909120a7ea6452646e4208 -> 377af658550da76bc0efa7c5a755eb90
  custom:scripting/monoscript/fileName/UserSession.cs: 8474486bb4d037a9069b5fd9fb9a4b5f -> 
  custom:scripting/precompiled-assembly-types:glTFast.dots: bae848875a35fe96f09fcc9f4e534600 -> 
  custom:scripting/monoscript/fileName/AvatarConfigProcessor.cs: 686ca45858e8b6df9d6e41fba610ce11 -> 
  custom:scripting/monoscript/fileName/ShaderProperty.cs: e69d84886d64c24a96dd08814ff9c01c -> 
  custom:scripting/monoscript/fileName/ResponseExtensions.cs: 72e5833f186e18c70552860bd9ca8bf0 -> 
  custom:scripting/monoscript/fileName/GltfAsset.cs: 9ed50c0abb2ae10e773877a7e88a7865 -> 
  custom:scripting/monoscript/fileName/CustomHeaderDownloadProvider.cs: fb049e1199740e51b870584d0a7b01fc -> 
  custom:scripting/monoscript/fileName/CollectingLogger.cs: b9af2399d0450dde59c68ed15bcecb17 -> 
  custom:scripting/monoscript/fileName/Popcnt.cs: 790f25d56fba1e7a48c0a0766c0ad6a6 -> 
  custom:scripting/monoscript/fileName/AssetTypeFilterAttribute.cs: 95c271d579cea4c8c1c83307bf2034bc -> 
  custom:scripting/monoscript/fileName/ILPostProcessingLegacy.cs: 1474151453fb056da8fe50e6cda891db -> 
  custom:scripting/monoscript/fileName/AvatarMetadata.cs: 05cca07141987e47b49948c5617a1c0d -> 
  custom:scripting/monoscript/fileName/MaterialSheen.cs: 7955488dc87635b50681eabfc827a307 -> 
  custom:scripting/monoscript/fileName/AvatarConfig.cs: 318d084d07412e680bed3d728ef80e53 -> 
  custom:scripting/monoscript/fileName/GltfWriter.cs: 98e60ad1627564ffdc9e6646313d4670 -> 
  custom:scripting/monoscript/fileName/SpotLight.cs: e227f39b3ab57e6b59c680a013431919 -> 
  custom:scripting/monoscript/fileName/GltfBoundsAsset.cs: 2b74840d299e7959da9ff7911af818d7 -> 
  custom:scripting/monoscript/fileName/int3x4.gen.cs: a41355fd8e3f2df0223626fb4f0b3908 -> 8460bfcadb3ac350c26daa6b9595294c
  custom:scripting/monoscript/fileName/CustomException.cs: c2ee55d1b509a85a97b04da697e9a9db -> 
  custom:scripting/monoscript/fileName/psrdnoise2D.cs: 910f0614e94a5348f941ea0d56b2c568 -> 2eb29bf877494e27d7b8d68303a33727
  custom:scripting/monoscript/fileName/Enums.cs: 68ab3d3933464ccfa9b506d6f17e015c -> f57a8de2bbdce64e12a5f7fbc7fbbde3
  custom:scripting/monoscript/fileName/F16C.cs: 790f25d56fba1e7a48c0a0766c0ad6a6 -> 
  custom:scripting/monoscript/fileName/VertexBufferColors.cs: bd35d9562d4dcd12b4ea7fa4d9e09c08 -> 
  custom:scripting/monoscript/fileName/MeshGpuInstancing.cs: bb1b6dad3adb23e6dfce9503cf072df8 -> 
  custom:scripting/monoscript/fileName/IAnalyticsLogger.cs: 96f3e02577756de88c46264c6358c5d0 -> 
  custom:scripting/monoscript/fileName/GameObjectExport.cs: 60a01934e86ce4859ca1af6202ef19cd -> 
  custom:scripting/monoscript/fileName/QuaternionDrawer.cs: 3e16f8b999b15ff8f3cb65c56d92372c -> 11323f18a038f5e869f0b55e53c54a31
  custom:scripting/precompiled-assembly-types:Unity.XR.Interaction.Toolkit: b145b22affcaec9a93edb3acebefaa40 -> 819168b4a0ac640a342d131d3ee2d198
  custom:scripting/monoscript/fileName/BurstAssemblyDisable.cs: b6ce5635cda12e16b9d3052a32a53ef4 -> 
  custom:scripting/monoscript/fileName/Skin.cs: da1e9c734632b8cb01f92fde468bb5aa -> 
  custom:audio-encoder-webm-vorbis: bf7c407c2cedff20999df2af8eb42d56 -> 
  custom:scripting/monoscript/fileName/BurstString.Float.cs: f7cf2d4ac32cd23a2133a777bc8e9bdf -> 
  custom:scripting/monoscript/fileName/ConsoleLogger.cs: c8f9af3c4855974e7aef96b16abf133a -> 
  custom:scripting/monoscript/fileName/Constants.cs: aa817f6e9b17832d3313c242cc6b1b85 -> 
  custom:scripting/monoscript/fileName/MaterialExtensions.cs: 6f1926d30a57014fa53370543af34147 -> 
  custom:scripting/monoscript/fileName/AvatarProperties.cs: 4574b7a9c9be27defe24c0b0ae19f502 -> 
  custom:scripting/monoscript/fileName/SampleLoader.cs: 5c8ab068b4e27eb065b87d3cc7109bc1 -> 
  custom:scripting/monoscript/fileName/WebViewEvents.cs: 4a53765b95ff0cac230e81972d870b33 -> 
  custom:scripting/monoscript/fileName/ScreenPadding.cs: 978d803843a88ddb003389c8c3da1825 -> 
  custom:scripting/monoscript/fileName/IGltfReadable.cs: abe4512c94cf3943a622f7dc4b3559ac -> 
  custom:scripting/monoscript/fileName/LongTextArea.cs: 4c687402ecd5f2af3a470023aff89eca -> 
  custom:scripting/monoscript/fileName/NormalImageExport.cs: fb6b6997677927812a129506d5252ba9 -> 
  custom:scripting/monoscript/fileName/ModuleUpdater.cs: bce38ccb895fca968170a28b88b976de -> 
  custom:scripting/monoscript/fileName/AssetSelectionElement.cs: 50acb088d41e6da092e5596bf2bb724d -> 
  custom:scripting/monoscript/fileName/GameObjectSceneInstance.cs: 2727177b21346c85bffd447d1d6f0d0b -> 
  custom:scripting/precompiled-assembly-types:glTFast: 3f3613cc47a81e711b043824d05fded4 -> 
  custom:scripting/monoscript/fileName/AsyncHelpers.cs: 4525547bc05eb6cead8612a9f6acf9c6 -> 
  custom:scripting/monoscript/fileName/PrecompileData.cs: fe800c7668f68b89e3a5af223f0bf045 -> 
  custom:scripting/monoscript/fileName/BurstString.cs: f7cf2d4ac32cd23a2133a777bc8e9bdf -> 
  custom:scripting/monoscript/fileName/DefineSymbolHelper.cs: 4b308a0e073093d7324360aa4ebe5ee3 -> 
  custom:scripting/monoscript/fileName/ListExtensions.cs: f32a065f27744d215e4d23a47d180105 -> dc08b0e81401b7052a787865553578e4
  custom:scripting/monoscript/fileName/Buffer.cs: 7ee4d5746300f2757618f0837b67a0fd -> 
  custom:scripting/precompiled-assembly-types:glTFast.Newtonsoft: 0722cff3749e1d437a9fd6b392c3e764 -> 
  custom:scripting/monoscript/fileName/PartnerAssetsDictionaryConverter.cs: 1dcd1ea8a93872ca016a1ff078a7ac10 -> 
  custom:scripting/monoscript/fileName/BurstCompiler.cs: 7b21670e31210e9f8a136d10cb1b9317 -> 
  custom:scripting/monoscript/fileName/double4.gen.cs: b43680ff2b317f0fe763ec2a9290cc4d -> c861322ff5ab8c01e3e4b508791cf124
  custom:scripting/monoscript/fileName/rigid_transform.cs: d545dec909ae361cd40bcedcc9499d93 -> 36bbdd985ffacdf5ee0745cfd3a1f08d
  custom:scripting/monoscript/fileName/PropertyAttributes.cs: 06c93b729a6fbfd605aedc09fb6acd2e -> f9be6ff8022c2b7e9364b782f234d192
  custom:scripting/monoscript/fileName/MeshResult.cs: 87e7b4b85f5e2af1578d2c10e856c3f2 -> 
  custom:scripting/monoscript/fileName/SubdomainTemplate.cs: 2d5ec1ac64b219601b8771124f38241d -> 
  custom:scripting/monoscript/fileName/WebMessage.cs: 7d630659dfb387fd58eddb331ed00eb2 -> 
  custom:scripting/monoscript/fileName/BurstAotCompiler.cs: a41b7d0d053e0898c09eec7c4f1c3c21 -> 
  custom:scripting/monoscript/fileName/UnclassifiedData.cs: 07ab01725c1470d1bbc02a1da5626196 -> 
  custom:scripting/monoscript/fileName/OrmImageExport.cs: b7834502e6f517e58a1fb2080088f06e -> 
  custom:scripting/monoscript/fileName/CameraPerspective.cs: 2d0ec4576480f39b5426cb33df6c96e2 -> 
  custom:scripting/monoscript/fileName/int2.gen.cs: 7d7139da21249719b860c4fd6fa5b14f -> ba08380188673eb89fbe6c63125635e5
  custom:scripting/monoscript/fileName/AvatarProcessor.cs: e7f6a1fb4ffb91072c8633ffd611a758 -> 
  custom:scripting/monoscript/fileName/Avx2.cs: 790f25d56fba1e7a48c0a0766c0ad6a6 -> 
  custom:scripting/monoscript/fileName/int4.gen.cs: 6fd7c2be80cf8c29505f41dfd239b1ae -> 6202c51352f8408238811f81cf17884b
  custom:scripting/monoscript/fileName/AccessorSparse.cs: ef39b0a1efb5493001e1ca2adc2270c0 -> 
  custom:scripting/monoscript/fileName/IGltfBuffers.cs: 2c53990cec1c20f01b88877e7893f7a5 -> 
  custom:scripting/monoscript/fileName/noise3D.cs: 910f0614e94a5348f941ea0d56b2c568 -> 2eb29bf877494e27d7b8d68303a33727
  custom:scripting/monoscript/fileName/MaterialExportBase.cs: cce05ee43b746e0bd162fb41779b88b9 -> 
  custom:scripting/monoscript/fileName/ImportAddonInstance.cs: 20591bd4de3974083eeaf32e31aa1483 -> 
  custom:scripting/monoscript/fileName/float4x2.gen.cs: 05588d3fca2e28a31b6264c026dcf338 -> a70cf4e9d29e9357ba0e68d3ee43ce34
  custom:scripting/monoscript/fileName/Material.cs: 7b4d2d71ba93c7b482c8238f3c476644 -> 
  custom:scripting/monoscript/fileName/AnimationSampler.cs: bd4847a226c08fcb564d546261564ac6 -> 
  custom:scripting/monoscript/fileName/AvatarDataEditor.cs: 463b6246d19e962520a8ceadfa0edaea -> 
  custom:scripting/monoscript/fileName/Bmi2.cs: 790f25d56fba1e7a48c0a0766c0ad6a6 -> 
  custom:scripting/monoscript/fileName/LogMessages.cs: ffe5bf8d3d1782afddd40c7e07fb5259 -> 
  custom:scripting/monoscript/fileName/BreakingChangeDialog.cs: 4ca56fc4db1cef8352e0f7f6712c35ab -> 
  custom:scripting/monoscript/fileName/DefaultDownloadProvider.cs: 4470230d4ba7d71af061e4b88b944eae -> 
  custom:scripting/monoscript/fileName/Root.cs: cd0cbf3b992deddab673bc27ba02e725 -> 
  custom:scripting/monoscript/fileName/UserAvatarElement.cs: 9a50a53f3c36c965567f7d8b7ec41fb2 -> 
  custom:scripting/monoscript/fileName/half3.gen.cs: 5d046df99f0d37f450cb3ea068ad7762 -> 935b3c49f9c5126f28352e4a48406e0a
  custom:scripting/monoscript/fileName/PartnerAssetsManager.cs: 0b96925ae52e31c863614362cc1b46a5 -> 
  custom:scripting/monoscript/fileName/uint2x4.gen.cs: 3caae4a623bddfadce4b73c36541ab39 -> 817d68c720fa6aa9b67a61d7c1b206d0
  custom:video-decoder-ogg-theora: a1e56fd34408186e4bbccfd4996cb3dc -> 
  custom:scripting/monoscript/fileName/AvatarConfigEditor.cs: 74085a71907a93ea432f4d6f97bceacd -> 
  custom:scripting/monoscript/fileName/ColorSelectionElement.cs: a5a2faac218245396928db9963e25626 -> 
  custom:scripting/precompiled-assembly-types:Unity.Burst.CodeGen: 19855afef9c57189cba3f9164399ea40 -> 
  custom:scripting/monoscript/fileName/svd.cs: 348beec2ecc2e2db545a80433e4107e2 -> 
  custom:scripting/monoscript/fileName/GltfImport.cs: c39ea1b3eb5ee3e9282c8057c205d5ae -> 
  custom:scripting/monoscript/fileName/bool4x4.gen.cs: 50a6831c58ef3836ae8715535acd4a4c -> 832d1ba72f52e457d65ecd6ca1ba2b2e
  custom:scripting/monoscript/fileName/BodyShapeSelectionElement.cs: 71f197ad2cc0a7660ffbc7da3c694c1b -> 
  custom:scripting/monoscript/fileName/ColorResponseHandler.cs: bd4cd009bae3ea31f89f82eabdba2651 -> 
  custom:scripting/monoscript/fileName/IAssetData.cs: 25cba7728afaf8b491c6404975031286 -> 
  custom:scripting/monoscript/fileName/double3x3.gen.cs: a1e2af8139fc0e717165cdc2c522e14d -> cf2bca4cc9e8b93d47929417a1a999f7
  custom:scripting/monoscript/fileName/NEON_AArch64_crypto.cs: 68ba95faf7f0f0403852fb6af2a2f956 -> 
  custom:scripting/monoscript/fileName/MaterialExtension.cs: a080f2b1012a6ffa3e74ffbdf6765fa4 -> 
  custom:scripting/monoscript/fileName/TransformExtensions.cs: 9b27e3b5079d79f11a499e446cedd2aa -> fd126d2bad7fa2d4054ceea030fa50cf
  custom:scripting/monoscript/fileName/double3x2.gen.cs: 46c3fc0f20bf244200b61fe88bd5c16a -> 87fbe5b4a5a90e3c915d83933bb7a691
  custom:scripting/monoscript/fileName/MaterialClearCoat.cs: ee2b407ed9762b30ff4fc1f08c7d3eee -> 
  custom:scripting/monoscript/fileName/CoreSettingsLoader.cs: a9c7b9ed02353f627bb9c2924cb5a002 -> 
  custom:scripting/precompiled-assembly-types:Unity.XR.Hands: 36cc873dfcba03a87d3f75dff052e734 -> 6cacfbb2c0146242e4581e59c679e443
  custom:scripting/monoscript/fileName/UninterruptedDeferAgent.cs: 1b5f0a782331cebabfedf274950cd759 -> 
  custom:scripting/monoscript/fileName/IAnalyticsEditorLogger.cs: b1d8c351ab94e01e953d6ee280288841 -> 
  custom:scripting/monoscript/fileName/Il2CppEagerStaticClassConstructionAttribute.cs: bfb9943dc4234f8038240348dd8c0237 -> 5ae90a36296d2fe83dd98e9361e907e8
  custom:scripting/monoscript/fileName/VoiceHandlerEditor.cs: 6d1fc3f99cef58f2cd761f7bff32d8f2 -> 
  custom:scripting/precompiled-assembly-types:Unity.Burst.Cecil.Pdb: 542ee58f25ed060f438b710d2d8b4fbd -> 
  custom:scripting/monoscript/fileName/cellular2x2.cs: 910f0614e94a5348f941ea0d56b2c568 -> 2eb29bf877494e27d7b8d68303a33727
  custom:scripting/monoscript/fileName/half.cs: d66ca18b1c3237e0e12e183e1878dc38 -> cf3f2b0bcee127ccdac6d87167bcc406
  custom:scripting/monoscript/fileName/RenderPipelineUtils.cs: 427390c97cce8e55ec0815f51454c0a8 -> 
  custom:scripting/monoscript/fileName/RenderSettingsHelper.cs: 1550ed09adc0a4ab5141845a2dfadcba -> 
  custom:scripting/monoscript/fileName/GltfAssetEditor.cs: acedfe1a6930a3043e648d8b0c3334a3 -> 
  custom:scripting/monoscript/fileName/Utils.cs: c218eacbbbaaf3a98fb69e78d195a84f -> 40c528c300bfc0733192292a788cb076
  custom:scripting/monoscript/fileName/AvatarLoaderSettings.cs: 7276921df0804bec5e1a3dc5c4c04e64 -> 
  custom:scripting/precompiled-assembly-types:Newtonsoft.Json: a784019f7e79cf0f65e748d41d4ceb44 -> 
  custom:scripting/monoscript/fileName/IResponse.cs: 4cab66bd94cf7b2e7d833252e9107ef3 -> 
  custom:scripting/precompiled-assembly-types:ReadyPlayerMe.Core: f533bca70cc10d7780e90bd5e051cfa1 -> 
  custom:scripting/monoscript/fileName/InstantiationSettings.cs: e3c010e0ef7b92131158a998eac1826b -> 
  custom:scripting/monoscript/fileName/AccessorData.cs: a2be1bc50d8474cbeac7acd8f043bf0a -> 
  custom:scripting/monoscript/fileName/GlbBinChunk.cs: 46f6df09c8518e3dd8d00612851aee14 -> 
  custom:CustomObjectIndexerAttribute: 9a22284fe3817be447336de3de66b15e -> 
  custom:scripting/monoscript/fileName/classicnoise3D.cs: 910f0614e94a5348f941ea0d56b2c568 -> 2eb29bf877494e27d7b8d68303a33727
  custom:scripting/monoscript/fileName/LightPunctual.cs: 26f87fe627099f3da1ea9a5bc33f3144 -> 
  custom:scripting/monoscript/fileName/NEON_AArch64_rdma.cs: 68ba95faf7f0f0403852fb6af2a2f956 -> 
  custom:scripting/monoscript/fileName/ModuleInstaller.cs: 95f0a8122f20a1eb5c90b32e8ea5ab13 -> 
  custom:scripting/monoscript/fileName/CommonHeaders.cs: e21a00734a6d225272a6b91dd3dff7ad -> 
  custom:scripting/monoscript/fileName/FunctionPointerInvokeTransform.cs: 87582112a32f635e413c776846ec78de -> 
  custom:scripting/monoscript/fileName/GltfCamera.cs: 022242dec4409c9d8c03f6d682896ba6 -> 
  custom:scripting/monoscript/fileName/EyeAnimationHandlerEditor.cs: 73a33b1cbae182a9e66026a66072035c -> 
  custom:scripting/monoscript/fileName/float2x2.gen.cs: 43554c150c14083eb2313acaa2e78aeb -> f203c6ed52cbda2033cd1859a76ab02f
  custom:scripting/monoscript/fileName/AvatarBodyTypeTemplate.cs: 41c90e32ad987125977aee9b2b56eb6f -> 
  custom:scripting/monoscript/fileName/CecilExtensions.cs: 300205ae85edbb88d6c0c35c47681451 -> 
  custom:scripting/monoscript/fileName/AvatarBoneHelper.cs: d4c820fe55ec42d3c6d842b9896da3f0 -> 
  custom:scripting/monoscript/fileName/GameObjectExportSettings.cs: 105f6e04b8ab4e029fb4f88c7d63e3fe -> 
  custom:container-demuxer-webm: 4f35f7cbe854078d1ac9338744f61a02 -> 
  custom:scripting/monoscript/fileName/CustomLogHandler.cs: d8c37c50ce8ff5a768ff5ac0f83c60be -> 
  custom:scripting/monoscript/fileName/BurstDisassembler.Core.x86.info.cs: b15d06942db1ac71042be253eef84e7f -> 
  custom:scripting/monoscript/fileName/bool2x4.gen.cs: 43766066d40cfe4ff0038faa3bf06406 -> 0202187d1d97b3838c3acec749a94370
  custom:scripting/monoscript/fileName/ImageExportBase.cs: 1554f4deec7d14c77c3f8ed9369c4eb9 -> 
  custom:scripting/monoscript/fileName/uint2x3.gen.cs: a0bafa71da357e9ffdf41329e0e0b8ab -> dc149d5147f76ef2e3b7b3e87df71cde
  custom:scripting/monoscript/fileName/TextureExtensions.cs: 4b3a9beeab9b55d39609d0700cc039ca -> 
  custom:scripting/monoscript/fileName/VoiceHandler.cs: 402ecfbb99e3ad28c1a8662c7cfa72c5 -> 
  custom:scripting/monoscript/fileName/MatrixDrawer.cs: 8db100ecc54d49584518b132374bd945 -> 54f407ec7134aa445531b0da7f5e0ded
  custom:scripting/monoscript/fileName/AvatarManifest.cs: 221b08a5e2f902d2fac04a4aaba1c56e -> 
  custom:scripting/monoscript/fileName/BodyTypeConverter.cs: 75bc081b4cc9934d771a66bee407e0fe -> 
  custom:scripting/monoscript/fileName/GltfDeferAgentTemplate.cs: 80d68cd18fa7a07e21eecae2d841140b -> 
  custom:scripting/monoscript/fileName/float2x4.gen.cs: 14bf825e2338394967d25657f23195c2 -> 8f6e3792d53a47d3e0816efd26cbabde
  custom:scripting/monoscript/fileName/NamedObject.cs: f95dd6116e83a85880127f78ac2b85e9 -> 
  custom:scripting/monoscript/fileName/TextureTransform.cs: b0a4a443c993e30fee259d5ef0fb578c -> 
  custom:scripting/monoscript/fileName/DeleteAvatarElement.cs: 69060c486598def55cba093d1d6bf44a -> 
  custom:scripting/monoscript/fileName/ImportAddon.cs: fbf06aef3d5c027051df88fa49f51c16 -> 
  custom:scripting/monoscript/fileName/GltfAnimation.cs: 0acf5689a0bcc34eb8984b52cd2f372d -> 
  custom:scripting/monoscript/fileName/IDeferAgent.cs: c8758c5cbe5e66c1190e8ac0a7c3be24 -> 
  custom:scripting/monoscript/fileName/PackageManagerHelper.cs: 77fb70af782f8d3676313d1c50beccb7 -> 
  custom:scripting/monoscript/fileName/Accessor.cs: 229e324d4e8ab845a6e9c55779b638ab -> 
  custom:scripting/monoscript/fileName/ResponseTexture.cs: 4160f872cfe105c097260b91a59a26b7 -> 
  custom:scripting/monoscript/fileName/MaterialGenerator.cs: 7a1e84e4f59380e7e5239b3ef4c25b3a -> 
  custom:scripting/monoscript/fileName/AppIdTemplate.cs: 6158840a30a755581366e743dcc9c88b -> 
  custom:scripting/precompiled-assembly-types:Unity.Burst.Cecil.Mdb: 267a0ac2928f725ab1cc9882bbfb898d -> 
  custom:scripting/monoscript/fileName/GenderConverter.cs: 2dad7d9dd180f9ad9d5fd3db56b5dd88 -> 
  custom:scripting/monoscript/fileName/MeshMaterialCombination.cs: 0953e3d2825874483cd91d5315248f04 -> 
  custom:scripting/monoscript/fileName/int2x2.gen.cs: b89550457ed493745cf779e29d833419 -> 63739a46f5092b211c341383068e9d3a
  custom:scripting/monoscript/fileName/GltFastAvatarImporter.cs: 9f4efa88877b3a3867f6722cddc5d756 -> 
  custom:scripting/monoscript/fileName/SafeStringArrayHelper.cs: c8d46796c0d02dc9724140077fd6c374 -> 
  custom:scripting/monoscript/fileName/AvatarMorphTarget.cs: 503dbaadf99605070075ee4cac74dbad -> 
  custom:scripting/monoscript/fileName/AssetBodyShape.cs: c9e9dbdb245e2386a1145109dad77f87 -> 
  custom:scripting/monoscript/fileName/FunctionPointer.cs: b278ab85034025b7289bef45e0874487 -> 
  custom:scripting/monoscript/fileName/AvatarTemplateData.cs: e97ccaaf03f39ebe82cd43f175df5746 -> 
  custom:scripting/monoscript/fileName/ShaderGUIBase.cs: 7fb39a11e3e3d1eedd0f03177615d302 -> 
  custom:scripting/monoscript/fileName/CoreSettings.cs: 847d60602d08e18e9d04fa78f5936ba2 -> 
  custom:scripting/monoscript/fileName/bool2x3.gen.cs: a73639df76ec913064f3ac91f58b98c5 -> c45708c9bd53a8b7f658164314a10c61
  custom:scripting/monoscript/fileName/AccessorSparseValues.cs: db5840a84ec569c41d701e6c492d0de5 -> 
  custom:scripting/monoscript/fileName/Extensions.cs: 2f0c9f84c7a9b8d3dd04cd0b492d0472 -> 
  custom:scripting/monoscript/fileName/LoginElement.cs: f5eaab16152125d1434cee3a633b5f6a -> 
  custom:scripting/monoscript/fileName/GltFastGameObjectInstantiator.cs: 9c26532965a572abdfcc16220d67c852 -> 
  custom:scripting/monoscript/fileName/Sse2.cs: 790f25d56fba1e7a48c0a0766c0ad6a6 -> 
  custom:scripting/monoscript/fileName/MaterialPbrMetallicRoughness.cs: a9de34389ee8a9b91d27426e5454bf6a -> 
  custom:scripting/monoscript/fileName/math.cs: 84897ebc80325b58465d1a856e47c89e -> 3e1f77dfafdda862ef1fdae58189cdb5
  custom:scripting/monoscript/fileName/double4x3.gen.cs: d5e192211e239db73c016b47e641c333 -> 0f480b77cbe2235a6a07fec4a8104303
  custom:scripting/monoscript/fileName/BurstPlatformAotSettings.cs: e55a3d6d232eb892da58dcc30668a0b8 -> 
  custom:scripting/monoscript/fileName/BurstMath.cs: d94624ee519cab4bff493f67794b1527 -> 
  custom:scripting/monoscript/fileName/BurstReflection.cs: a904f9b2bf9ba0accae4702e11f47640 -> 
  custom:scripting/monoscript/fileName/int3.gen.cs: 9e9f576d507fb3936c89b523e378eb23 -> f3e7aece5ea81aaaacfae8f3b0dbf645
  custom:scripting/monoscript/fileName/quaternion.cs: 7189ca19bff9611f6da0aa0a9c59bf0b -> 0762c6482396ed4f34408952c0956647
  custom:scripting/monoscript/fileName/float4x4.gen.cs: cccf3207dd639016e8d0fc5b940ce646 -> a5bb36679a244217e37dd9fb5d3d2ed4
  custom:scripting/monoscript/fileName/double3x4.gen.cs: d966fefecbb21e1878e781b6e6eb9bc1 -> d3f6959e28d6480d7d5313a2c890e5a1
  custom:scripting/precompiled-assembly-types:glTFast.Export: 6ee2a9b4cca486d31776fa4b0fba2e44 -> 
  custom:scripting/monoscript/fileName/BurstMenu.cs: ba8f72dcdc01403dc080f70f4b855f19 -> 
  custom:scripting/monoscript/fileName/half4.gen.cs: 0f1fcad15aa401d00bc4590770c4f62b -> abea9356568c8480c38dd790db58969d
  custom:scripting/monoscript/fileName/AuthorizedRequest.cs: 69ad8798115f32b0c0d0f8c06a978371 -> 
  custom:scripting/monoscript/fileName/ImageExport.cs: 1194f3416e2a5e5c133b7e4f04b26bfe -> 
  custom:scripting/monoscript/fileName/UserAvatarsResponse.cs: c2fc4d3b7c857ee3246ea7eedcea7c84 -> 
  custom:scripting/monoscript/fileName/ExportJobs.cs: 7dd5b3a3f2729a39b153a4a2bbeb05b1 -> 
  custom:scripting/monoscript/fileName/EyeAnimationHandler.cs: fe7006a1dbf14050871c8ff332455b78 -> 
  custom:scripting/monoscript/fileName/noise2D.cs: 910f0614e94a5348f941ea0d56b2c568 -> 2eb29bf877494e27d7b8d68303a33727
  custom:scripting/monoscript/fileName/IInstantiator.cs: f419a39dd0c345c63f46c3866387bc9d -> 
  custom:scripting/monoscript/fileName/AvatarDownloader.cs: 4a5bcdb5f771172add0ab46f0b0fd96e -> 
  custom:scripting/monoscript/fileName/AnimationChannel.cs: 67421bd163adeb7798a9c7fddd4bf5dd -> 
  custom:scripting/monoscript/fileName/BurstEditorOptions.cs: 9c5afa3a809e97579143a619b525af7f -> 
  custom:scripting/monoscript/fileName/bool2.gen.cs: 861fe78322050118fc595dc4284cae94 -> 26e96b66e2dc8fbd46eb4ce6284c510a
  custom:scripting/monoscript/fileName/GltfImporterEditor.cs: b8533bb5c5c506f0709f046574886b5e -> 
  custom:scripting/monoscript/fileName/GltfGlobals.cs: 9c51f72cbfa79f6cf9ae5b19d892dddc -> 
  custom:scripting/monoscript/fileName/VertexBufferConfig.cs: 90647cc400823b41df847a6cbfc29026 -> 
  custom:scripting/monoscript/fileName/WebRequestDispatcherExtension.cs: 15154b357bc9a8ec242052f13f188bf5 -> 
  custom:scripting/monoscript/fileName/ResponseFile.cs: 45bf1a1004e6a2b5ea84ff335b17882a -> 
  custom:scripting/monoscript/fileName/int3x2.gen.cs: 3102a78c1d8b0f67c6797c0bf649d991 -> 3713def57441460b7d8181bf2ebb068b
  custom:scripting/monoscript/fileName/random.cs: 9095e89a9c9a9233dfc5faa4dc75c33b -> 773187f16d25a3763332e4d0e08067fb
  custom:scripting/monoscript/fileName/ImportSettings.cs: dfcf42ac5db08e82f6fa467d53182cf4 -> 
  custom:scripting/monoscript/fileName/GLTFDeferAgent.cs: a1523fe6bf31b7b764617e4c0369d901 -> 
  custom:scripting/monoscript/fileName/ICodeLogger.cs: ad7cc465ac755f2f9d5fc784e4b6b805 -> 
  custom:scripting/monoscript/fileName/AvatarAPIRequests.cs: 6b11cd6b3f083c4571f85cd04b1a98c6 -> 
  custom:scripting/monoscript/fileName/float3x2.gen.cs: 545e8762f0e28e5bb1be1c472fa039dd -> c82cdc670988a624afef0b4a59da9960
  custom:scripting/monoscript/fileName/MeshPrimitive.cs: 7f1437fa42dae79b494ecab5e5fe5516 -> 
  custom:scripting/monoscript/fileName/int4x2.gen.cs: 06de189ab87954f032d6395001af7bcc -> 03019ae5b6ae2c22f6bcc41f109a6f3f
  custom:scripting/monoscript/fileName/LogoutElement.cs: f61e9a0fcc0e6f7f0deec3eb4ee8216b -> 
  custom:scripting/monoscript/fileName/MeshExtras.cs: 9b8d7991ec9c8537429cda14a3484de8 -> 
  custom:scripting/monoscript/fileName/AmplitudeEventLogger.cs: 184d3a78da3241958f746f3dcf6aeeb2 -> 
  custom:scripting/monoscript/fileName/GltfAssetDependency.cs: 173b9677138bbbca51daf5b3ac4c07ff -> 
  custom:scripting/precompiled-assembly-types:Unity.Burst.Cecil: 997689720027a6523ba4efde94923b20 -> 
  custom:scripting/monoscript/fileName/AmplitudeEditorLogger.cs: c716d8f667468b53bef8f251dc58cdbc -> 
  custom:scripting/monoscript/fileName/double3.gen.cs: 5154079fb312071cf35601a361004703 -> 377c7acd7948bf71aea5d8cf8236ee9b
  custom:scripting/monoscript/fileName/SkipLocalsInitAttribute.cs: e4f8d5a888902955673e1ed6a9dfb76a -> 
  custom:scripting/monoscript/fileName/AssumeRangeAttribute.cs: d3abc900d6b7c73addcf3398d2779a03 -> 
  custom:scripting/monoscript/fileName/Fma.cs: 550ccd401d2d76d5e362c6ec284ceeaa -> 
  custom:scripting/monoscript/fileName/IJsonObject.cs: ed865b683d584171e6dc07b14c7b4f61 -> 
  custom:scripting/monoscript/fileName/ImportSettingsEditor.cs: 20dc7c601773ea74daa9a51c42b21b12 -> 
  custom:scripting/monoscript/fileName/MetadataDownloader.cs: c8d80e695eb6bedce8b6ec0c7c11db9c -> 
  custom:scripting/monoscript/fileName/JsonWriter.cs: e669f18227240565fd9507d4de2ef387 -> 
  custom:scripting/monoscript/fileName/EnumExtensions.cs: 49b22220856615a60e5377d7d616de24 -> 872fcb89b813d64606e680211dede528
  custom:scripting/monoscript/fileName/float2x3.gen.cs: f18325e6146a706cc21256589a35acb7 -> dd8be2164b904b64628efafb474868f4
  custom:scripting/monoscript/fileName/GltfImporter.cs: 62aa7452bef1eaf272bb7c44b61201c2 -> 
  custom:scripting/precompiled-assembly-types:ReadyPlayerMe.AvatarCreator: e91740936f5c220ec91215139cbe192c -> 
  custom:scripting/monoscript/fileName/PhotoPrivacyTerms.cs: 292629796bf7a0bf382d48bc3384f45b -> 
  custom:video-encoder-webm-vp8: eb34c28f22e8b96e1ab97ce403110664 -> 
  custom:scripting/monoscript/fileName/Sse4_2.cs: 550ccd401d2d76d5e362c6ec284ceeaa -> 
  custom:scripting/monoscript/fileName/VertexStructs.cs: ae1f404b9426d3af36c9ddabf997777b -> 
  custom:scripting/monoscript/fileName/BuildPostProcessor.cs: 82d759a596fb58edb659d8a2cf5bf65e -> 
  custom:scripting/monoscript/fileName/SignupElement.cs: 5d4408a3987bc901e762cb325f11dd09 -> 
  custom:scripting/monoscript/fileName/GameObjectBoundsInstantiator.cs: 3b941340e3bff4274f54494bae188b28 -> 
  custom:scripting/monoscript/fileName/ImageCreateContext.cs: abcabfbedd7b6ce64ca993edb5e3f690 -> 
  custom:scripting/monoscript/fileName/AvatarListElement.cs: eb204dea4849f02d83e715b4264b05be -> 
  custom:scripting/monoscript/fileName/SamplerKey.cs: 8c126b8c331dc4430cf4497c3c1b89e0 -> 
  custom:scripting/monoscript/fileName/MessagePanel.cs: 221014bf702b3db4f9168817f34a91ed -> 
  custom:scripting/monoscript/fileName/OperationExecutor.cs: 90647cc400823b41df847a6cbfc29026 -> 
  custom:scripting/monoscript/fileName/CameraOrthographic.cs: 063ef90bb00ec0ad613139ea2b39bfd2 -> 
  custom:scripting/monoscript/fileName/AvatarMeshHelper.cs: cfb4b1cc904a64bd7db7be5c88d750f0 -> 
  custom:scripting/monoscript/fileName/Avx.cs: 790f25d56fba1e7a48c0a0766c0ad6a6 -> 
  custom:scripting/monoscript/fileName/MorphTargetContext.cs: 3bb6db0753bd4b90afbcf8be20e41cd7 -> 
  custom:scripting/monoscript/fileName/TextureInfo.cs: 9cff02f855c2b56703a6c62ce8456918 -> 
  custom:scripting/monoscript/fileName/WebRequestDispatcher.cs: cbb3055b238eee38fc7af1b7d6dae4bc -> 
  custom:scripting/monoscript/fileName/Ssse3.cs: 790f25d56fba1e7a48c0a0766c0ad6a6 -> 
  custom:scripting/monoscript/fileName/AssetAPIRequests.cs: 3cca9820ff521a8f41878d020d620b8c -> 
  custom:scripting/monoscript/fileName/AnalyticsRuntimeLogger.cs: da28bb3f974161714f995b72906827e0 -> 
  custom:scripting/monoscript/fileName/AvatarRenderHelper.cs: 0bbbb9a9867abebfba1b81e0944929ae -> 
  custom:scripting/precompiled-assembly-types:ReadyPlayerMe.Core.Editor: 48659ea30070c608dc70f80e777c4c70 -> 
  custom:scripting/monoscript/fileName/double2x4.gen.cs: a9aedae31eab942a01dd81f5ba23ebf4 -> 685c5fa921181be1c5c2624181389ad3
  custom:scripting/monoscript/fileName/Jobs.cs: e834231fc98840f565c51ea84f3e8427 -> 
  custom:scripting/monoscript/fileName/IBufferView.cs: c7f4444515f72836b4975d920ed20647 -> 
  custom:scripting/monoscript/fileName/uint4.gen.cs: 51a7f5c759ac89d78a4704a138bbec45 -> 39973cd09553f87c6828ba478621c98d
  custom:scripting/monoscript/fileName/SelectionElement.cs: d31e6c7a383a421894a0708fe036b153 -> 
  custom:scripting/monoscript/fileName/cellular2D.cs: 910f0614e94a5348f941ea0d56b2c568 -> 2eb29bf877494e27d7b8d68303a33727
  custom:scripting/monoscript/fileName/double2x3.gen.cs: ac0d6fc940b41f658b24853cf23739e5 -> 2fbeb18c538397a8260f5c41cab0741e
  custom:scripting/monoscript/fileName/Mathematics.cs: 96564f777d893219579f7cd1fafa7e92 -> 
  custom:scripting/monoscript/fileName/DracoExportSettings.cs: a65c16d08cd77d14b9decb8f9315341e -> 
  custom:scripting/monoscript/fileName/noise4D.cs: 910f0614e94a5348f941ea0d56b2c568 -> 2eb29bf877494e27d7b8d68303a33727
  custom:scripting/monoscript/fileName/BurstILPostProcessor.cs: caa97838ab13c1add4a98ae3f9820b7e -> 
  custom:scripting/monoscript/fileName/UninterruptedDefaultDeferAgent.cs: 7db7e6ab13629c614ccdddbd539069da -> 
  custom:scripting/monoscript/fileName/Mesh.cs: 4b606cbe4fb92a81565fde70d5f7e302 -> 
  custom:scripting/monoscript/fileName/LightPunctualExtension.cs: de1fc4d7452178fa7eb8147591d8cbf0 -> 
  custom:scripting/monoscript/fileName/AccessorSparseIndices.cs: f388c9bfc7f2d5ea1f6fbadb1630f1b4 -> 
  custom:scripting/monoscript/fileName/AvatarRenderLoader.cs: 3f620fb607e1f06c32b20ca17e878bc5 -> 
  custom:scripting/monoscript/fileName/EditorAvatarLoader.cs: 9bd13b6acb83b33b53953fbac7c00e8b -> 
  custom:scripting/monoscript/fileName/AppData.cs: 71a16bb43931f2c2952cccda33f6e609 -> 
  custom:scripting/monoscript/fileName/Sampler.cs: 1b560d20d140a0fe05c8fb2b3399954a -> 
  custom:scripting/monoscript/fileName/MeshPrimitiveExtensions.cs: d6ac0166a1556f69c04364db04583e45 -> 
  custom:scripting/monoscript/fileName/AssetTypeExtensions.cs: 87a11cd1616d3acf33db962ad05b0dc8 -> 
  custom:scripting/monoscript/fileName/DirectoryUtility.cs: c7f8240b9fdf11813583044b4c2b5a28 -> 
  custom:scripting/monoscript/fileName/CategoryHelper.cs: 8caa0fe32a453df6a87b98dea4c4649f -> 
  custom:scripting/monoscript/fileName/RuntimeDebugPanel.cs: ff548314be8871f1be0f0a0fc2247a12 -> 
  custom:scripting/monoscript/fileName/common.cs: 910f0614e94a5348f941ea0d56b2c568 -> 2eb29bf877494e27d7b8d68303a33727
  custom:scripting/monoscript/fileName/uint2x2.gen.cs: 34db4f212de91eba69f70b6af2f41d23 -> ef58eafb69337704525106c30b2f9c86
  custom:scripting/monoscript/fileName/float3x3.gen.cs: 7de503ab17ef781383880adc785d106c -> 48f350102ac697de2455487383306e62
  custom:scripting/monoscript/fileName/ModuleList.cs: 9e132eaa5ad02ff35cd7ed191b62b041 -> 
  custom:scripting/monoscript/fileName/RawImageExtensions.cs: c51bf89e5f83939d7d36bbde04ff85d4 -> 
  custom:scripting/monoscript/fileName/BurstCompilerOptions.cs: 462794c2cc7370a72a60909850bd4bd6 -> 
  custom:scripting/monoscript/fileName/AvatarRenderDownloader.cs: 58acb1d820bac8b8f38ef367c8e81b96 -> 
  custom:scripting/monoscript/fileName/float2.gen.cs: ccda4318c59b6be9ac0ec9d903bd32eb -> 6120954cdb3e1af6bb1e798ca56424e4
  custom:scripting/monoscript/fileName/NormalTextureInfo.cs: 50d1cf091e330d34c5513cb0e2930bdb -> 
  custom:scripting/monoscript/fileName/bool3x3.gen.cs: 754b61059993a0b49e4b0f1336d4eca5 -> f3dd982fcc1d0b33ec635c43c306a1b8
  custom:scripting/monoscript/fileName/BurstDisassembler.Core.LLVMIR.info.cs: b15d06942db1ac71042be253eef84e7f -> 
  custom:scripting/monoscript/fileName/NEON_AArch64_dotprod.cs: 68ba95faf7f0f0403852fb6af2a2f956 -> 
  custom:scripting/monoscript/fileName/BuiltInShaderGUI.cs: 12e6eaca736a75c699b528574dce79a8 -> 
  custom:scripting/monoscript/fileName/AmplitudeKeys.cs: ca9be0a4009f792357f5b17365fd5a35 -> 
  custom:scripting/monoscript/fileName/BurstStringSearch.cs: 69d0ecca394873c1593eee16bae2761c -> 
  custom:scripting/monoscript/fileName/double4x2.gen.cs: 84122ae38bb713fba1bd132464694529 -> 530f8410a1ca9a96d8c16e723573cfae
  custom:scripting/monoscript/fileName/Texture.cs: d7f55326360589d35a1bb85655067651 -> 
  custom:scripting/monoscript/fileName/PackageManagerEventListener.cs: 26cb59a839e6952366b5ab358f128dcb -> 
  custom:scripting/monoscript/fileName/PrimitiveVectorDrawer.cs: 29686ab5ff7580200bc34657b1e09832 -> 3e4cc385215599322653e09117c642ee
  custom:scripting/monoscript/fileName/Node.cs: e3db1889a3eb1f32456ad5d99c29bc4d -> 
  custom:scripting/monoscript/fileName/MenuEntries.cs: a2e0c91c0d02dccfd892abf4b35a4a4b -> 
  custom:scripting/monoscript/fileName/CreatedUser.cs: 96f49e7309db52b50dfd247902d19564 -> 
  custom:scripting/monoscript/fileName/Sse4_1.cs: 790f25d56fba1e7a48c0a0766c0ad6a6 -> 
  custom:scripting/monoscript/fileName/ILPostProcessing.cs: bf24e0d53d12752a069f04d5a4bfdf42 -> 
  custom:scripting/monoscript/fileName/ModelAssetProcessor.cs: 06b259f0833a06a252cbf16af5047dd5 -> 
  custom:scripting/monoscript/fileName/AnalyticsRuntimeLoggerExtension.cs: a1df2e708dfe0b8454f6045b6c97f535 -> 
========================================================================
Received Prepare
Caller must complete domain reload
Begin MonoManager ReloadAssembly
- Loaded All Assemblies, in  1.076 seconds
Native extension for WindowsStandalone target not found
Native extension for Android target not found
System.Reflection.TargetInvocationException: Exception has been thrown by the target of an invocation. ---> System.NullReferenceException: Object reference not set to an instance of an object
  at Unity.XR.Oculus.OculusLoader.AssetPathToAbsolutePath (System.String assetPath) [0x0003d] in .\Library\PackageCache\com.unity.xr.oculus@4.5.4\Runtime\OculusLoader.cs:312 
  at Unity.XR.Oculus.OculusLoader.EditorLoadOVRPlugin () [0x0008c] in .\Library\PackageCache\com.unity.xr.oculus@4.5.4\Runtime\OculusLoader.cs:297 
  at (wrapper managed-to-native) System.Reflection.RuntimeMethodInfo.InternalInvoke(System.Reflection.RuntimeMethodInfo,object,object[],System.Exception&)
  at System.Reflection.RuntimeMethodInfo.Invoke (System.Object obj, System.Reflection.BindingFlags invokeAttr, System.Reflection.Binder binder, System.Object[] parameters, System.Globalization.CultureInfo culture) [0x0006a] in <1071a2cb0cb3433aae80a793c277a048>:0 
   --- End of inner exception stack trace ---
  at System.Reflection.RuntimeMethodInfo.Invoke (System.Object obj, System.Reflection.BindingFlags invokeAttr, System.Reflection.Binder binder, System.Object[] parameters, System.Globalization.CultureInfo culture) [0x00083] in <1071a2cb0cb3433aae80a793c277a048>:0 
  at System.Reflection.MethodBase.Invoke (System.Object obj, System.Object[] parameters) [0x00000] in <1071a2cb0cb3433aae80a793c277a048>:0 
  at UnityEditor.EditorAssemblies.ProcessInitializeOnLoadMethodAttributes () [0x000a5] in <4b8f645257c94d1296f440a10c6f388e>:0 
UnityEngine.StackTraceUtility:ExtractStackTrace ()
UnityEngine.DebugLogHandler:LogFormat (UnityEngine.LogType,UnityEngine.Object,string,object[])
UnityEngine.Logger:Log (UnityEngine.LogType,object)
UnityEngine.Debug:LogError (object)
UnityEditor.EditorAssemblies:ProcessInitializeOnLoadMethodAttributes ()

Mono: successfully reloaded assembly
[Package Manager] Server::EnsureServerProcessIsRunning -- launch failed, reason: Unity was launched with the -noUpm command-line argument
[Package Manager] UpmClient::Send -- Unable to send message (not connected to UPM process).
[Package Manager] Cannot connect to Unity Package Manager local server
- Finished resetting the current domain, in  2.263 seconds
Domain Reload Profiling: 3322ms
	BeginReloadAssembly (244ms)
		ExecutionOrderSort (0ms)
		DisableScriptedObjects (5ms)
		BackupInstance (0ms)
		ReleaseScriptingObjects (0ms)
		CreateAndSetChildDomain (46ms)
	RebuildCommonClasses (57ms)
	RebuildNativeTypeToScriptingClass (15ms)
	initialDomainReloadingComplete (58ms)
	LoadAllAssembliesAndSetupDomain (685ms)
		LoadAssemblies (573ms)
		RebuildTransferFunctionScriptingTraits (0ms)
		AnalyzeDomain (237ms)
			TypeCache.Refresh (173ms)
				TypeCache.ScanAssembly (153ms)
			ScanForSourceGeneratedMonoScriptInfo (44ms)
			ResolveRequiredComponents (17ms)
	FinalizeReload (2263ms)
		ReleaseScriptCaches (0ms)
		RebuildScriptCaches (0ms)
		SetupLoadedEditorAssemblies (755ms)
			LogAssemblyErrors (0ms)
			InitializePlatformSupportModulesInManaged (34ms)
			SetLoadedEditorAssemblies (4ms)
			RefreshPlugins (0ms)
			BeforeProcessingInitializeOnLoad (148ms)
			ProcessInitializeOnLoadAttributes (391ms)
			ProcessInitializeOnLoadMethodAttributes (156ms)
			AfterProcessingInitializeOnLoad (21ms)
			EditorAssembliesLoaded (0ms)
		ExecutionOrderSort2 (0ms)
		AwakeInstancesAfterBackupRestoration (15ms)
Refreshing native plugins compatible for Editor in 42.52 ms, found 13 plugins.
Preloading 1 native plugins for Editor in 0.17 ms.
Unloading 5828 Unused Serialized files (Serialized files now loaded: 0)
Unloading 490 unused Assets / (0.7 MB). Loaded Objects now: 6416.
Memory consumption went from 188.7 MB to 188.1 MB.
Total: 4.792500 ms (FindLiveObjects: 0.540400 ms CreateObjectMapping: 0.300800 ms MarkObjects: 3.326500 ms  DeleteObjects: 0.623900 ms)

Prepare: number of updated asset objects reloaded= 0
AssetImportParameters requested are different than current active one (requested -> active):
  custom:scripting/monoscript/fileName/Common.cs: 6ffc11e45ee8ab7a7d4178988978e63b -> 
  custom:scripting/monoscript/fileName/uint3x3.gen.cs: 46f89d8a7f81b6035a7e26991fbc72e8 -> b354ea0e62ee3ca695eba400f73bf8a2
  custom:scripting/monoscript/fileName/StandardMaterialExport.cs: 592ef7ee80af89dc27f9475aeba8ff99 -> 
  custom:scripting/monoscript/fileName/MaterialTransmission.cs: d420990723615d4dd1898a0acc1ba9db -> 
  custom:scripting/monoscript/fileName/BurstDisassembler.Core.Wasm.info.cs: b15d06942db1ac71042be253eef84e7f -> 
  custom:scripting/monoscript/fileName/GameObjectInstantiator.cs: ec54409074271468670cb43e29b2482a -> 
  custom:scripting/monoscript/fileName/AvatarData.cs: a442d67655afe0fb0120bd9bc52f4057 -> 
  custom:scripting/monoscript/fileName/AnimationUtils.cs: 8f6f25f941ebb934700581795257c3be -> 
  custom:scripting/monoscript/fileName/Image.cs: 57c031c69d708eb6bcb555c142754782 -> f32195bbbc1ca9edcb6c8c6185597e40
  custom:scripting/monoscript/fileName/BurstInspectorGUI.cs: 3b3371d5330c1720f59a915caa210691 -> 
  custom:scripting/monoscript/fileName/RootExtensions.cs: 8dfad5c5c2667e81a494fd72d4ec0c70 -> 
  custom:scripting/monoscript/fileName/UrlProcessor.cs: b2a547705ff72ce8316c5f4d97ba5a50 -> 
  custom:scripting/monoscript/fileName/affine_transform.cs: ea7249476585feff13aa54bd2ccb69b0 -> 
  custom:scripting/monoscript/fileName/Aliasing.cs: fa54b7e36cebab64c6f4b438ce5bbbb0 -> 
  custom:scripting/monoscript/fileName/AvatarPropertiesConstants.cs: cb372aca6083f4ccd3d3b1eeb8bc9307 -> 
  custom:scripting/monoscript/fileName/AvatarAnimationHelper.cs: 5c73e981c3d491430140d12805432fcf -> 
  custom:scripting/monoscript/fileName/uint4x4.gen.cs: 4b02c6eee0f00ce1a388bc44dd5ccc7c -> 7732c53bd697b7eb03dd735297da0fc1
  custom:scripting/monoscript/fileName/ModuleInfo.cs: 92dd1308d5229ca6e9492aa12bde9bd0 -> 
  custom:container-demuxer-ogg: 62fdf1f143b41e24485cea50d1cbac27 -> 
  custom:scripting/monoscript/fileName/SettingsEditor.cs: 27d76a7c53febb83f47af5f3e8612fed -> 
  custom:scripting/monoscript/fileName/v64.cs: 73e2a46ccd31f5cae0a785e2a9658313 -> 
  custom:scripting/monoscript/fileName/BurstDisassembler.Core.x86.cs: b15d06942db1ac71042be253eef84e7f -> 
  custom:scripting/monoscript/fileName/IMaterialGenerator.cs: 234fd68547b0fa280ed333d0ebfbc1af -> 
  custom:scripting/monoscript/fileName/RootExtension.cs: c1c9761dce6316305d9d3be37530fa5d -> 
  custom:scripting/monoscript/fileName/BurstDisassembler.Core.LLVMIR.cs: b15d06942db1ac71042be253eef84e7f -> 
  custom:scripting/monoscript/fileName/ValidatorUtil.cs: 5cf1a346b9c7c1185bdf877dceaa4c03 -> 
  custom:scripting/monoscript/fileName/SimdDebugViews.cs: ee065a215655effb5244eeef3e220fd7 -> 
  custom:scripting/monoscript/fileName/BuildPreprocessor.cs: 4ecbc52da22a36063773d1d06ecb8481 -> 
  custom:scripting/monoscript/fileName/IDownload.cs: 363e01430c8bf195a7afc12a5e0ded4e -> 
  custom:scripting/monoscript/fileName/BurstDisassembler.Core.ARM64.cs: b15d06942db1ac71042be253eef84e7f -> 
  custom:scripting/monoscript/fileName/PbrMetallicRoughness.cs: 294ca8c177f33c3089c09acdaf8a254f -> 
  custom:scripting/monoscript/fileName/PbrSpecularGlossiness.cs: 958049b6761c14eb98a23d0f14089167 -> 
  custom:scripting/monoscript/fileName/Bmi1.cs: 790f25d56fba1e7a48c0a0766c0ad6a6 -> 
  custom:scripting/monoscript/fileName/EntryPoint.cs: 040a905e714d2e549d16cd1b5c518ae4 -> 
  custom:scripting/monoscript/fileName/CacheManager.cs: 7e8e7f4d4093483ae2cbfd66caf15429 -> 
  custom:scripting/monoscript/fileName/AuthDataConverter.cs: 2dd35aea24726f45f9d644e7e29954d3 -> 
  custom:scripting/monoscript/fileName/BurstDisassembler.Core.cs: e5f812d5efcd2a5c78433604ae4d6b38 -> 
  custom:scripting/monoscript/fileName/bool4.gen.cs: 89d5db5b25176f8ce2b31291a8fcf567 -> ca7c0171e1585aef1c2900b66db0977a
  custom:scripting/monoscript/fileName/MaterialExport.cs: ac1fba8dc00b594b8cb81d227f6e6139 -> 
  custom:scripting/monoscript/fileName/UrlConfig.cs: dcc39761095ce0c7defaeb57fc9c05fa -> 
  custom:scripting/monoscript/fileName/BurstLoader.cs: ff77f8ae1ba38c1e7af1923752743ddf -> 
  custom:scripting/monoscript/fileName/float4x3.gen.cs: 5e75d4a49b27c7bfdc5d24ca328726c6 -> 82da2e74a1c9948cc673acd7425c23e5
  custom:scripting/monoscript/fileName/float3x4.gen.cs: e028949e7cd389a54d6b8ef7c0e4a804 -> f425eda36f0a9a6a9785ce693ab31c65
  custom:scripting/monoscript/fileName/AvatarConfigMap.cs: 83992d5eb86ab8640d8747916de7fcf1 -> 
  custom:scripting/monoscript/fileName/math_unity_conversion.cs: a14c20536b1fc0611d8629220aec8be2 -> 717272b42fdbca1935830b3071b2da3c
  custom:framework-win-MediaFoundation: 216162199b28c13a410421893ffa2e32 -> 
  custom:scripting/monoscript/fileName/DontDestroyOnLoad.cs: 5e5f30246f7d631a6cbf89148a933314 -> 
  custom:scripting/monoscript/fileName/ProjectPrefs.cs: 4acc1e01ea8f30e430ec902500407def -> 
  custom:scripting/monoscript/fileName/NoAliasAttribute.cs: 47e40919f04b49dc8701e6216f1351d4 -> 
  custom:scripting/monoscript/fileName/ApplicationData.cs: 48af28049c5f400f2ce6973be65a4b5a -> 
  custom:scripting/monoscript/fileName/AvatarLoaderWindow.cs: 5577704aa0a455eec57e36b9e13d3ae1 -> 
  custom:scripting/monoscript/fileName/AvatarConfigTemplate.cs: 2cd60997ed89eb2d37c0252fcee764a4 -> 
  custom:scripting/monoscript/fileName/CategoryConverter.cs: bd731bbd133566976ca053bde47d8c7a -> 
  custom:scripting/monoscript/fileName/BuiltInMaterialGenerator.cs: 7d57361bb2fd5da6bf796e652fca4420 -> 
  custom:scripting/monoscript/fileName/MaterialUnlit.cs: a980dda70a436c6881ceb111c9e49ec1 -> 
  custom:scripting/monoscript/fileName/AvatarManager.cs: d28c3fd70b24a21a548c391f19cda22b -> 
  custom:scripting/monoscript/fileName/bool3x2.gen.cs: 7f2024bb8e107c3b85f93e6847f677c0 -> 6ad67e842e9f001f4905675e041c0394
  custom:scripting/monoscript/fileName/ExtensionMethods.cs: 1c501fc6674c7c7c994a1e2404894393 -> 
  custom:scripting/monoscript/fileName/half2.gen.cs: 7816131b273dfbe62c7a27c74161c262 -> a6f90a50ab057fcfbb93f80dff9467ec
  custom:scripting/monoscript/fileName/InCreatorAvatarLoader.cs: 690adab468d6781ffe14961e0e40fa32 -> 
  custom:scripting/monoscript/fileName/CoreSettingsHandler.cs: 2818644b88ab1d8031a1e5d4636376d8 -> 
  custom:scripting/monoscript/fileName/v128.cs: e021cba7e9c369437e29248cab7adb92 -> 
  custom:scripting/monoscript/fileName/DefaultDeferAgent.cs: 9c605a9b5f73986dbcbdc3cac9a26e33 -> 
  custom:scripting/monoscript/fileName/AuthManager.cs: e103ee50470bff7d275057ea5d5ea21b -> 
  custom:scripting/monoscript/fileName/ImportAddonRegistry.cs: e5567f695f33f863e006b4d774c2afef -> 
  custom:scripting/monoscript/fileName/SharedStatic.cs: f05c0e41a9966bdff75df2ec1c0154e3 -> 
  custom:scripting/monoscript/fileName/AmplitudeRuntimeLogger.cs: 096e9d625f64add989f6a5f3969278e7 -> 
  custom:scripting/monoscript/fileName/PartnerAsset.cs: 4c5ea509cc7aed5d15aae2806af0021f -> 
  custom:scripting/monoscript/fileName/AuthConstants.cs: 005a199f6d1a8645ce29959f9219eb83 -> 
  custom:scripting/monoscript/fileName/Sse3.cs: 790f25d56fba1e7a48c0a0766c0ad6a6 -> 
  custom:scripting/monoscript/fileName/noise3Dgrad.cs: 910f0614e94a5348f941ea0d56b2c568 -> 2eb29bf877494e27d7b8d68303a33727
  custom:scripting/monoscript/fileName/BurstDisassembler.Core.ARM64.info.cs: b15d06942db1ac71042be253eef84e7f -> 
  custom:scripting/monoscript/fileName/bool4x2.gen.cs: 586d6e84a82661c406c0747e29931ce1 -> 5e92d30f937bc7e4e4a07b2b81c06b27
  custom:scripting/monoscript/fileName/AnalyticsEditorLogger.cs: 200053d84e64391f5cd71211cdccca55 -> 
  custom:scripting/monoscript/fileName/Plane.cs: c32fcb4d635f10949ba9a2b53f7d21ec -> 69547098044c0683a5ff9d9b8674a0ba
  custom:scripting/monoscript/fileName/AvatarRenderSettings.cs: 7fddec7be759bcf93c9dedd2bdb7137f -> 
  custom:scripting/monoscript/fileName/AnimationChannelTarget.cs: ee2599788cb8b23284c54336e84ce4f6 -> 
  custom:scripting/monoscript/fileName/MinMaxAABB.cs: 99b6b3f339a5e250751ae4f780607d7a -> 87e440667b74c17b186d7505988d93e6
  custom:scripting/monoscript/fileName/CustomEventArgs.cs: 2f46e4063ba0d3c798337a4fdda8e4b7 -> 8349be538a17d0a25c18e1db50bb9fa6
  custom:scripting/monoscript/fileName/WebMessageHelper.cs: b97be5e8112eef78485e050db38f3cb6 -> 
  custom:scripting/monoscript/fileName/double2x2.gen.cs: 1175e86c851890dc199d0e88708ffccb -> 1b24b88380b01d73274245c8a3f891ca
  custom:scripting/monoscript/fileName/IImporter.cs: 97083f79ad454a3888aa9d0e3e014093 -> 
  custom:scripting/monoscript/fileName/CoreSettingsSetter.cs: 1a5e6a6d8fc3d3fb85e932d25f2d6ed3 -> 
  custom:scripting/monoscript/fileName/v256.cs: 47c636eb6f790c9afbde51106c5c5b53 -> 
  custom:scripting/monoscript/fileName/AvatarUrlTemplate.cs: 5b18e6f9e1e30e3a1d6f19d1f187db8a -> 
  custom:scripting/monoscript/fileName/TaskExtensions.cs: 1c0cfa223ae05ce056d7879e3ae8923c -> 
  custom:scripting/monoscript/fileName/ResponseData.cs: a065ae0b354dddde7e844292fe7d7d18 -> 
  custom:scripting/monoscript/fileName/AvatarPreviewElement.cs: 91d6a7ce4ca99160083279761e50512f -> 
  custom:scripting/monoscript/fileName/AvatarCacheConfig.cs: 2f5966bd913b855db91586dcd46d467a -> 
  custom:scripting/monoscript/fileName/Csr.cs: 790f25d56fba1e7a48c0a0766c0ad6a6 -> 
  custom:scripting/monoscript/fileName/GltfJsonUtilityParser.cs: 9fcccf57363e003fdce67a9adf4a9126 -> 
  custom:scripting/monoscript/fileName/ExportSettings.cs: eab93109997cde3485aadfc966ecb3a3 -> 
  custom:scripting/monoscript/fileName/GenericContext.cs: 91513e0bd2facda2d12405e8de8d8a9b -> 
  custom:scripting/monoscript/fileName/classicnoise4D.cs: 910f0614e94a5348f941ea0d56b2c568 -> 2eb29bf877494e27d7b8d68303a33727
  custom:scripting/monoscript/fileName/int4x3.gen.cs: 67f76716aed15a7705ce52ae92c6a128 -> 8504016f71ab8b36158b7cb8a5461a8b
  custom:scripting/monoscript/fileName/classicnoise2D.cs: 910f0614e94a5348f941ea0d56b2c568 -> 2eb29bf877494e27d7b8d68303a33727
  custom:scripting/monoscript/fileName/NEON_AArch64.cs: 68ba95faf7f0f0403852fb6af2a2f956 -> 
  custom:scripting/monoscript/fileName/Hint.cs: 35c736c413c7f058326ce656dfcde31e -> 
  custom:scripting/monoscript/fileName/BurstRuntime.cs: dd1cc6bb42ddae27b5305860068dfb8c -> 
  custom:scripting/monoscript/fileName/IntegrationGuide.cs: 6cd4f3ccf81fad6d9788ad1e1394d7dc -> 
  custom:scripting/monoscript/fileName/IAvatarRotatorInput.cs: 8b2230d747505614d1db6eede615e79b -> 
  custom:scripting/monoscript/fileName/EditorDownloadProvider.cs: 9b266643f8f849c165491a51541247d1 -> 
  custom:scripting/monoscript/fileName/matrix.gen.cs: 1fc7e9a9978c6bc6327a2ef3562b3b82 -> 8040951fec6b586df3a34908a47f7536
  custom:scripting/monoscript/fileName/OcclusionTextureInfo.cs: 34fe9bc3ad1c46c228cef221291e13dd -> 
  custom:scripting/monoscript/fileName/PostNormalizedVectorDrawer.cs: bcc5a130e288cb1ea7e6214244bd90aa -> 1e9cc5a1d5ea64a4691d9edff2f31467
  custom:scripting/monoscript/fileName/TextureDownload.cs: ff5cc8f553522c6fcdddf4bef3f20871 -> 
  custom:scripting/monoscript/fileName/int2x4.gen.cs: 19df88eae659245962107924a4f8beb4 -> 5edaa4c8e18b723d836f4e66d7a2ad24
  custom:scripting/monoscript/fileName/VertexBufferBones.cs: ad4e66a969e11406454d8d6f60beb511 -> 
  custom:scripting/monoscript/fileName/double2.gen.cs: 6d6f846a6947f4edc6c86aae983cab7a -> 9fcc709faf542a3c28101e289489d3c3
  custom:scripting/monoscript/fileName/AvatarObjectLoader.cs: 73bdca3686e709d80c0537fc3b9938e7 -> 
  custom:scripting/monoscript/fileName/bool2x2.gen.cs: 9f5ba9e667296230e5a7dd8098d86f1e -> 4649c574bdda23c59b5d49d1b662bc61
  custom:scripting/monoscript/fileName/uint3x2.gen.cs: cb5adb59636d29fe64c2a59690629fe9 -> e9ed99b7eae876425b9236af5d545e3a
  custom:scripting/monoscript/fileName/AvatarAPIParameters.cs: 5d426ad3ee85a22dd487d7ed75a06f55 -> 
  custom:scripting/monoscript/fileName/UriHelper.cs: 98493bb4996c3c173e0f1ee68c8a398a -> 
  custom:scripting/monoscript/fileName/AvatarRotator.cs: 7fa0f88ed1cc81168bfd7848d4bd90c3 -> 
  custom:scripting/monoscript/fileName/NodeExtension.cs: 97d61e5844138f7bddda97b4e80d6282 -> 
  custom:scripting/monoscript/fileName/uint3.gen.cs: 07250d494d70da63323c03829a109a7b -> 2439c557987b3f1dafd36143ddfb8c40
  custom:scripting/monoscript/fileName/double4x4.gen.cs: c712f0479a2da80505c5f34004582140 -> d67599d4a9300cb241e4695cd70324ae
  custom:scripting/monoscript/fileName/ColorLibrary.cs: b69228fe1800ea6821c2eced2c486b9c -> 
  custom:scripting/monoscript/fileName/GraphicsSettingsUtility.cs: 9ccda4d52429dca09ef6b777e5784455 -> 
  custom:scripting/monoscript/fileName/AvatarUri.cs: 6335947eea9c0449d74b885e8f9d43b1 -> 
  custom:scripting/monoscript/fileName/InstantiationSettingsEditor.cs: 50c6ee2b1b46c1979d20674c446c7975 -> 
  custom:scripting/monoscript/fileName/Scene.cs: 56ca70d7203fc093945ae347e968500c -> 
  custom:scripting/monoscript/fileName/BurstDisassembler.Core.Wasm.cs: b15d06942db1ac71042be253eef84e7f -> 
  custom:scripting/monoscript/fileName/BufferViewExtensions.cs: c3caf11ec3b057b2f347d576d7a56886 -> 
  custom:container-muxer-webm: aa71ff27fc2769a1b78a27578f13a17b -> 
  custom:scripting/monoscript/fileName/LabeledPopup.cs: 87f082da9aa2abffd22a5b3019d4e188 -> 
  custom:scripting/monoscript/fileName/BurstDisassembler.cs: d51fb062bede2b9ca5d97ccc2e501c19 -> 
  custom:video-decoder-webm-vp8: 9c59270c3fd7afecdb556c50c9e8de78 -> 
  custom:scripting/monoscript/fileName/AvatarLoaderSettingsCreator.cs: 20f959a5e4af2c3e13c15fd83584576d -> 
  custom:scripting/monoscript/fileName/IGltfWritable.cs: 8a0740fe3782416855214c9ea9f11bfa -> 
  custom:scripting/monoscript/fileName/AvatarCache.cs: 0ff816ad8802050851d214cb4c8874f3 -> 
  custom:scripting/monoscript/fileName/AvatarTemplateFetcher.cs: 52b333a1690b04ab2475fa39ed94cb80 -> 
  custom:scripting/monoscript/fileName/float3.gen.cs: d2a3af208755cfe0205a5add4cbf782b -> 61e461104f30d07064c299c5ac2c9a3e
  custom:scripting/monoscript/fileName/BurstCompileTarget.cs: 5a1d233d747b0d562e7d5017bb80886e -> 
  custom:scripting/monoscript/fileName/Asset.cs: adfee6125f845da587eb8048a152df4e -> 
  custom:scripting/monoscript/fileName/OnScriptsReloadHandler.cs: 1e2293ea2f06a3b4c41947088aa8bd7c -> 
  custom:scripting/monoscript/fileName/PrimitiveCreateContextBase.cs: 0d1f44d595052ce4af3b1d286a51a560 -> 
  custom:scripting/monoscript/fileName/PhotoCaptureElement.cs: abedafde9c7a6455b534f7d46cc58ccb -> 
  custom:scripting/monoscript/fileName/Constant.cs: 9503cddf79e2a3fdeab51cc0257c4da1 -> 
  custom:scripting/monoscript/fileName/NEON_ctor.cs: 68ba95faf7f0f0403852fb6af2a2f956 -> 
  custom:scripting/monoscript/fileName/BufferView.cs: 6a5b83a065de91ea89fb9743e5d5357c -> 
  custom:scripting/monoscript/fileName/int3x3.gen.cs: 8da9d8d1067461c55dbf4fa0f6b692cf -> dc1405f0f1704a2ec1efb4946b5d5f85
  custom:scripting/monoscript/fileName/int4x4.gen.cs: 0e76084ebee4c8312f336ff84d58a04c -> e1c5029dddb71a1513ebdf470db7528e
  custom:SearchIndexIgnoredProperties: e643bd26f0fe6173181afceb89e7c659 -> 
  custom:scripting/monoscript/fileName/bool4x3.gen.cs: fe90c06e5cec5b26385f16e64919351e -> 3b9b4adbcec8eec926ee3ca5bd1a9e49
  custom:scripting/monoscript/fileName/AssetLibrary.cs: b59b1a00b1ed5e1389bab739b2714c6d -> 
  custom:AudioImporter_EditorPlatform: d09bf68614088b80899f8185d706f6e7 -> 
  custom:scripting/monoscript/fileName/TextureInfoExtensions.cs: 0d0c6c58fd51f50bc9e6dad1fc1bfbda -> 
  custom:scripting/monoscript/fileName/LightsPunctual.cs: cfd0af635a6d46675e06ceaf40711ea2 -> 
  custom:scripting/monoscript/fileName/IgnoreWarningAttribute.cs: 95b6772ff35299aa9927da5e6696b2f1 -> 
  custom:scripting/monoscript/fileName/FBXAnimationExtractor.cs: 858c87787c1872c58212b951f46ddf64 -> 
  custom:scripting/monoscript/fileName/IOperation.cs: 9b2a24eb4aadb87c273a5da71f6232bc -> 
  custom:scripting/monoscript/fileName/uint4x3.gen.cs: 5c842eaf04659601d64e86e873d2dc4b -> b01c5cd7a56bd5c67682617427bf7881
  custom:scripting/monoscript/fileName/VertexBufferTexCoords.cs: e2ed79b109aa14002be36eb5c8d180fa -> 
  custom:scripting/monoscript/fileName/GenderSelectElement.cs: fe31c9557e5af52a737302940a261067 -> 
  custom:scripting/monoscript/fileName/TimeBudgetPerFrameDeferAgent.cs: 59420c6531406a5e69f109a7d6f7aa69 -> 
  custom:scripting/monoscript/fileName/BurstCompileAttribute.cs: f1834e5146c37c3c879fe10d3c8c9e49 -> 
  custom:scripting/monoscript/fileName/TemplateSelectionElement.cs: c17965e9ec599d534b21bef6b4ea1dbe -> 
  custom:scripting/monoscript/fileName/bool3.gen.cs: f73cc99fcfd3d7b311d94017869f72e0 -> 5af2629b3ff9dbb3bbfcc70064a35529
  custom:scripting/monoscript/fileName/uint4x2.gen.cs: e8b292c670996f99dc647f630b2d028d -> b7591412c0d582e5dffe67f85a90dd0a
  custom:scripting/monoscript/fileName/SetupGuide.cs: a018908fa666deda1feaf789605bb0a2 -> 
  custom:scripting/monoscript/fileName/StringExtensions.cs: 7591d337121a0c744ba5a92113d757d2 -> 8e9e4f2b4fed5724ed48ae76769324bb
  custom:scripting/monoscript/fileName/float4.gen.cs: a5929fc9c81f37a217f61110104af506 -> b782c632ec38515e69077afe722e950b
  custom:scripting/monoscript/fileName/uint3x4.gen.cs: 810549df666bfc264109dae029c3ad17 -> 85b37160b72ca5d09aa390a0ed4ac5d3
  custom:scripting/monoscript/fileName/AvatarPropertiesExtensions.cs: 817729a4235859f2dbc9a78f1b40912d -> 
  custom:scripting/monoscript/fileName/AvatarLoaderSettingsHelper.cs: 01066e42900522e716c582edd0419c51 -> 
  custom:scripting/monoscript/fileName/DestroyMesh.cs: 84ad674044ee5c33c0780ad0a671ffc1 -> 
  custom:scripting/monoscript/fileName/RenderParameterProcessor.cs: 773ffcf2a6c775971eb664618238851b -> 
  custom:scripting/monoscript/fileName/PrefabHelper.cs: 2ea98b1af3b58b57fa3acb22f4bda6db -> 
  custom:scripting/monoscript/fileName/ResponseText.cs: 30cacc6b0febdb07bf8f15b53e133171 -> 
  custom:scripting/monoscript/fileName/AvatarContext.cs: 1f072b9ce316693c78d07aac7f7b7b85 -> 
  custom:scripting/monoscript/fileName/VertexBufferConfigBase.cs: d0257aca4c5254511ebc207b29019887 -> 
  custom:scripting/monoscript/fileName/CameraFocuser.cs: bd6cafddfc1b0bce7aed7ec85c87fa72 -> 
  custom:scripting/monoscript/fileName/SDKLogger.cs: b5675920afc3036a14b6a530cb20caf0 -> 
  custom:scripting/monoscript/fileName/IMaterialExport.cs: eb33256bc45a98e1d4084eb95eabfb8b -> 
  custom:scripting/monoscript/fileName/EditorImportSettings.cs: d4c6f73f62158af9fb75c9c2dc22825c -> 
  custom:scripting/monoscript/fileName/QueryBuilder.cs: b2e5732625ebe9299370f2d2fa9eb49c -> 
  custom:scripting/monoscript/fileName/MouseRotationHandler.cs: 62508e694096e5deaf69cf78ec71dfb4 -> 
  custom:scripting/monoscript/fileName/OneTimeSetup.cs: 080030bba432e05cd3f796add947aba4 -> 
  custom:scripting/monoscript/fileName/NodeLightsPunctual.cs: 7482b05474e49eaa3bd5009ba594d304 -> 
  custom:scripting/monoscript/fileName/StreamExtension.cs: 9249d5cfad55e2af362ff3c7ecab3eaa -> 
  custom:scripting/monoscript/fileName/NodeExtensions.cs: 2a7d26a365d722ab0365138c29b7e72c -> 
  custom:scripting/monoscript/fileName/Sse.cs: 790f25d56fba1e7a48c0a0766c0ad6a6 -> 
  custom:scripting/monoscript/fileName/GltfAssetBase.cs: 5a7854b8bdd3bbee28b24f4c2fd48d1d -> 
  custom:scripting/monoscript/fileName/PrimitiveCreateContext.cs: 8f10ed56e6f0f31bb5549dd4ca179fb4 -> 
  custom:scripting/monoscript/fileName/ShaderGraphGUI.cs: 91fd2c53908a9d4dca0caac608f0a510 -> 
  custom:scripting/monoscript/fileName/AuthAPIRequests.cs: f13f248f0b7d65b054fe5de5ddc514ae -> 
  custom:scripting/monoscript/fileName/SelectionButton.cs: fefe4810efdf5c9a334210be2cb7de49 -> 
  custom:scripting/monoscript/fileName/uint2.gen.cs: 16c687047be4a3d9d18671b7f1514a8d -> f442e48493395c3c057fa324c1ed7700
  custom:scripting/monoscript/fileName/AssemblyResolver.cs: d02bbd84bf24106c236ab13c6c3d719f -> 
  custom:scripting/monoscript/fileName/cellular2x2x2.cs: 910f0614e94a5348f941ea0d56b2c568 -> 2eb29bf877494e27d7b8d68303a33727
  custom:scripting/monoscript/fileName/PhotoConfirmationElement.cs: a37e7013b2000c95c9d73f1de23de143 -> 
  custom:scripting/monoscript/fileName/matrix.cs: 3c89deedfaaffcc017fba2cf913f12ee -> 17bd875ecbf69296bc7f1415237b5bf7
  custom:scripting/monoscript/fileName/cellular3D.cs: 910f0614e94a5348f941ea0d56b2c568 -> 2eb29bf877494e27d7b8d68303a33727
  custom:scripting/monoscript/fileName/bool3x4.gen.cs: 42c7ba8bd569aafe7a1ccd38b69ca362 -> dd64119ecce8747c9d345fc62ed63bff
  custom:scripting/monoscript/fileName/NEON.cs: 68ba95faf7f0f0403852fb6af2a2f956 -> 
  custom:scripting/monoscript/fileName/Env.cs: f379ae48ddff5ec02a105cb6bf38b3db -> 
  custom:audio-decoder-ogg-vorbis: bf7c407c2cedff20999df2af8eb42d56 -> 
  custom:scripting/monoscript/fileName/AssetTypeFilterDrawer.cs: 34018cfcd6262c8e0469239f341a7888 -> 
  custom:scripting/monoscript/fileName/int2x3.gen.cs: 19a71af308909120a7ea6452646e4208 -> 377af658550da76bc0efa7c5a755eb90
  custom:scripting/monoscript/fileName/UserSession.cs: 8474486bb4d037a9069b5fd9fb9a4b5f -> 
  custom:scripting/monoscript/fileName/AvatarConfigProcessor.cs: 686ca45858e8b6df9d6e41fba610ce11 -> 
  custom:scripting/monoscript/fileName/ShaderProperty.cs: e69d84886d64c24a96dd08814ff9c01c -> 
  custom:scripting/monoscript/fileName/ResponseExtensions.cs: 72e5833f186e18c70552860bd9ca8bf0 -> 
  custom:scripting/monoscript/fileName/GltfAsset.cs: 9ed50c0abb2ae10e773877a7e88a7865 -> 
  custom:scripting/monoscript/fileName/CustomHeaderDownloadProvider.cs: fb049e1199740e51b870584d0a7b01fc -> 
  custom:scripting/monoscript/fileName/CollectingLogger.cs: b9af2399d0450dde59c68ed15bcecb17 -> 
  custom:scripting/monoscript/fileName/Popcnt.cs: 790f25d56fba1e7a48c0a0766c0ad6a6 -> 
  custom:scripting/monoscript/fileName/AssetTypeFilterAttribute.cs: 95c271d579cea4c8c1c83307bf2034bc -> 
  custom:scripting/monoscript/fileName/ILPostProcessingLegacy.cs: 1474151453fb056da8fe50e6cda891db -> 
  custom:scripting/monoscript/fileName/AvatarMetadata.cs: 05cca07141987e47b49948c5617a1c0d -> 
  custom:scripting/monoscript/fileName/MaterialSheen.cs: 7955488dc87635b50681eabfc827a307 -> 
  custom:scripting/monoscript/fileName/AvatarConfig.cs: 318d084d07412e680bed3d728ef80e53 -> 
  custom:scripting/monoscript/fileName/GltfWriter.cs: 98e60ad1627564ffdc9e6646313d4670 -> 
  custom:scripting/monoscript/fileName/SpotLight.cs: e227f39b3ab57e6b59c680a013431919 -> 
  custom:scripting/monoscript/fileName/GltfBoundsAsset.cs: 2b74840d299e7959da9ff7911af818d7 -> 
  custom:scripting/monoscript/fileName/int3x4.gen.cs: a41355fd8e3f2df0223626fb4f0b3908 -> 8460bfcadb3ac350c26daa6b9595294c
  custom:scripting/monoscript/fileName/CustomException.cs: c2ee55d1b509a85a97b04da697e9a9db -> 
  custom:scripting/monoscript/fileName/psrdnoise2D.cs: 910f0614e94a5348f941ea0d56b2c568 -> 2eb29bf877494e27d7b8d68303a33727
  custom:scripting/monoscript/fileName/Enums.cs: 68ab3d3933464ccfa9b506d6f17e015c -> f57a8de2bbdce64e12a5f7fbc7fbbde3
  custom:scripting/monoscript/fileName/F16C.cs: 790f25d56fba1e7a48c0a0766c0ad6a6 -> 
  custom:scripting/monoscript/fileName/VertexBufferColors.cs: bd35d9562d4dcd12b4ea7fa4d9e09c08 -> 
  custom:scripting/monoscript/fileName/MeshGpuInstancing.cs: bb1b6dad3adb23e6dfce9503cf072df8 -> 
  custom:scripting/monoscript/fileName/IAnalyticsLogger.cs: 96f3e02577756de88c46264c6358c5d0 -> 
  custom:scripting/monoscript/fileName/GameObjectExport.cs: 60a01934e86ce4859ca1af6202ef19cd -> 
  custom:scripting/monoscript/fileName/QuaternionDrawer.cs: 3e16f8b999b15ff8f3cb65c56d92372c -> 11323f18a038f5e869f0b55e53c54a31
  custom:scripting/monoscript/fileName/BurstAssemblyDisable.cs: b6ce5635cda12e16b9d3052a32a53ef4 -> 
  custom:scripting/monoscript/fileName/Skin.cs: da1e9c734632b8cb01f92fde468bb5aa -> 
  custom:audio-encoder-webm-vorbis: bf7c407c2cedff20999df2af8eb42d56 -> 
  custom:scripting/monoscript/fileName/BurstString.Float.cs: f7cf2d4ac32cd23a2133a777bc8e9bdf -> 
  custom:scripting/monoscript/fileName/ConsoleLogger.cs: c8f9af3c4855974e7aef96b16abf133a -> 
  custom:scripting/monoscript/fileName/Constants.cs: aa817f6e9b17832d3313c242cc6b1b85 -> 
  custom:scripting/monoscript/fileName/MaterialExtensions.cs: 6f1926d30a57014fa53370543af34147 -> 
  custom:scripting/monoscript/fileName/AvatarProperties.cs: 4574b7a9c9be27defe24c0b0ae19f502 -> 
  custom:scripting/monoscript/fileName/SampleLoader.cs: 5c8ab068b4e27eb065b87d3cc7109bc1 -> 
  custom:scripting/monoscript/fileName/WebViewEvents.cs: 4a53765b95ff0cac230e81972d870b33 -> 
  custom:scripting/monoscript/fileName/ScreenPadding.cs: 978d803843a88ddb003389c8c3da1825 -> 
  custom:scripting/monoscript/fileName/IGltfReadable.cs: abe4512c94cf3943a622f7dc4b3559ac -> 
  custom:scripting/monoscript/fileName/LongTextArea.cs: 4c687402ecd5f2af3a470023aff89eca -> 
  custom:scripting/monoscript/fileName/NormalImageExport.cs: fb6b6997677927812a129506d5252ba9 -> 
  custom:scripting/monoscript/fileName/ModuleUpdater.cs: bce38ccb895fca968170a28b88b976de -> 
  custom:scripting/monoscript/fileName/AssetSelectionElement.cs: 50acb088d41e6da092e5596bf2bb724d -> 
  custom:scripting/monoscript/fileName/GameObjectSceneInstance.cs: 2727177b21346c85bffd447d1d6f0d0b -> 
  custom:scripting/monoscript/fileName/AsyncHelpers.cs: 4525547bc05eb6cead8612a9f6acf9c6 -> 
  custom:scripting/monoscript/fileName/PrecompileData.cs: fe800c7668f68b89e3a5af223f0bf045 -> 
  custom:scripting/monoscript/fileName/BurstString.cs: f7cf2d4ac32cd23a2133a777bc8e9bdf -> 
  custom:scripting/monoscript/fileName/DefineSymbolHelper.cs: 4b308a0e073093d7324360aa4ebe5ee3 -> 
  custom:scripting/monoscript/fileName/ListExtensions.cs: f32a065f27744d215e4d23a47d180105 -> dc08b0e81401b7052a787865553578e4
  custom:scripting/monoscript/fileName/Buffer.cs: 7ee4d5746300f2757618f0837b67a0fd -> 
  custom:scripting/monoscript/fileName/PartnerAssetsDictionaryConverter.cs: 1dcd1ea8a93872ca016a1ff078a7ac10 -> 
  custom:scripting/monoscript/fileName/BurstCompiler.cs: 7b21670e31210e9f8a136d10cb1b9317 -> 
  custom:scripting/monoscript/fileName/double4.gen.cs: b43680ff2b317f0fe763ec2a9290cc4d -> c861322ff5ab8c01e3e4b508791cf124
  custom:scripting/monoscript/fileName/rigid_transform.cs: d545dec909ae361cd40bcedcc9499d93 -> 36bbdd985ffacdf5ee0745cfd3a1f08d
  custom:scripting/monoscript/fileName/PropertyAttributes.cs: 06c93b729a6fbfd605aedc09fb6acd2e -> f9be6ff8022c2b7e9364b782f234d192
  custom:scripting/monoscript/fileName/MeshResult.cs: 87e7b4b85f5e2af1578d2c10e856c3f2 -> 
  custom:scripting/monoscript/fileName/SubdomainTemplate.cs: 2d5ec1ac64b219601b8771124f38241d -> 
  custom:scripting/monoscript/fileName/WebMessage.cs: 7d630659dfb387fd58eddb331ed00eb2 -> 
  custom:scripting/monoscript/fileName/BurstAotCompiler.cs: a41b7d0d053e0898c09eec7c4f1c3c21 -> 
  custom:scripting/monoscript/fileName/UnclassifiedData.cs: 07ab01725c1470d1bbc02a1da5626196 -> 
  custom:scripting/monoscript/fileName/OrmImageExport.cs: b7834502e6f517e58a1fb2080088f06e -> 
  custom:scripting/monoscript/fileName/CameraPerspective.cs: 2d0ec4576480f39b5426cb33df6c96e2 -> 
  custom:scripting/monoscript/fileName/int2.gen.cs: 7d7139da21249719b860c4fd6fa5b14f -> ba08380188673eb89fbe6c63125635e5
  custom:scripting/monoscript/fileName/AvatarProcessor.cs: e7f6a1fb4ffb91072c8633ffd611a758 -> 
  custom:scripting/monoscript/fileName/Avx2.cs: 790f25d56fba1e7a48c0a0766c0ad6a6 -> 
  custom:scripting/monoscript/fileName/int4.gen.cs: 6fd7c2be80cf8c29505f41dfd239b1ae -> 6202c51352f8408238811f81cf17884b
  custom:scripting/monoscript/fileName/AccessorSparse.cs: ef39b0a1efb5493001e1ca2adc2270c0 -> 
  custom:scripting/monoscript/fileName/IGltfBuffers.cs: 2c53990cec1c20f01b88877e7893f7a5 -> 
  custom:scripting/monoscript/fileName/noise3D.cs: 910f0614e94a5348f941ea0d56b2c568 -> 2eb29bf877494e27d7b8d68303a33727
  custom:scripting/monoscript/fileName/MaterialExportBase.cs: cce05ee43b746e0bd162fb41779b88b9 -> 
  custom:scripting/monoscript/fileName/ImportAddonInstance.cs: 20591bd4de3974083eeaf32e31aa1483 -> 
  custom:scripting/monoscript/fileName/float4x2.gen.cs: 05588d3fca2e28a31b6264c026dcf338 -> a70cf4e9d29e9357ba0e68d3ee43ce34
  custom:scripting/monoscript/fileName/Material.cs: 7b4d2d71ba93c7b482c8238f3c476644 -> 
  custom:scripting/monoscript/fileName/AnimationSampler.cs: bd4847a226c08fcb564d546261564ac6 -> 
  custom:scripting/monoscript/fileName/AvatarDataEditor.cs: 463b6246d19e962520a8ceadfa0edaea -> 
  custom:scripting/monoscript/fileName/Bmi2.cs: 790f25d56fba1e7a48c0a0766c0ad6a6 -> 
  custom:scripting/monoscript/fileName/LogMessages.cs: ffe5bf8d3d1782afddd40c7e07fb5259 -> 
  custom:scripting/monoscript/fileName/BreakingChangeDialog.cs: 4ca56fc4db1cef8352e0f7f6712c35ab -> 
  custom:scripting/monoscript/fileName/DefaultDownloadProvider.cs: 4470230d4ba7d71af061e4b88b944eae -> 
  custom:scripting/monoscript/fileName/Root.cs: cd0cbf3b992deddab673bc27ba02e725 -> 
  custom:scripting/monoscript/fileName/UserAvatarElement.cs: 9a50a53f3c36c965567f7d8b7ec41fb2 -> 
  custom:scripting/monoscript/fileName/half3.gen.cs: 5d046df99f0d37f450cb3ea068ad7762 -> 935b3c49f9c5126f28352e4a48406e0a
  custom:scripting/monoscript/fileName/PartnerAssetsManager.cs: 0b96925ae52e31c863614362cc1b46a5 -> 
  custom:scripting/monoscript/fileName/uint2x4.gen.cs: 3caae4a623bddfadce4b73c36541ab39 -> 817d68c720fa6aa9b67a61d7c1b206d0
  custom:video-decoder-ogg-theora: a1e56fd34408186e4bbccfd4996cb3dc -> 
  custom:scripting/monoscript/fileName/AvatarConfigEditor.cs: 74085a71907a93ea432f4d6f97bceacd -> 
  custom:scripting/monoscript/fileName/ColorSelectionElement.cs: a5a2faac218245396928db9963e25626 -> 
  custom:scripting/monoscript/fileName/svd.cs: 348beec2ecc2e2db545a80433e4107e2 -> 
  custom:scripting/monoscript/fileName/GltfImport.cs: c39ea1b3eb5ee3e9282c8057c205d5ae -> 
  custom:scripting/monoscript/fileName/bool4x4.gen.cs: 50a6831c58ef3836ae8715535acd4a4c -> 832d1ba72f52e457d65ecd6ca1ba2b2e
  custom:scripting/monoscript/fileName/BodyShapeSelectionElement.cs: 71f197ad2cc0a7660ffbc7da3c694c1b -> 
  custom:scripting/monoscript/fileName/ColorResponseHandler.cs: bd4cd009bae3ea31f89f82eabdba2651 -> 
  custom:scripting/monoscript/fileName/IAssetData.cs: 25cba7728afaf8b491c6404975031286 -> 
  custom:scripting/monoscript/fileName/double3x3.gen.cs: a1e2af8139fc0e717165cdc2c522e14d -> cf2bca4cc9e8b93d47929417a1a999f7
  custom:scripting/monoscript/fileName/NEON_AArch64_crypto.cs: 68ba95faf7f0f0403852fb6af2a2f956 -> 
  custom:scripting/monoscript/fileName/MaterialExtension.cs: a080f2b1012a6ffa3e74ffbdf6765fa4 -> 
  custom:scripting/monoscript/fileName/TransformExtensions.cs: 9b27e3b5079d79f11a499e446cedd2aa -> fd126d2bad7fa2d4054ceea030fa50cf
  custom:scripting/monoscript/fileName/double3x2.gen.cs: 46c3fc0f20bf244200b61fe88bd5c16a -> 87fbe5b4a5a90e3c915d83933bb7a691
  custom:scripting/monoscript/fileName/MaterialClearCoat.cs: ee2b407ed9762b30ff4fc1f08c7d3eee -> 
  custom:scripting/monoscript/fileName/CoreSettingsLoader.cs: a9c7b9ed02353f627bb9c2924cb5a002 -> 
  custom:scripting/monoscript/fileName/UninterruptedDeferAgent.cs: 1b5f0a782331cebabfedf274950cd759 -> 
  custom:scripting/monoscript/fileName/IAnalyticsEditorLogger.cs: b1d8c351ab94e01e953d6ee280288841 -> 
  custom:scripting/monoscript/fileName/Il2CppEagerStaticClassConstructionAttribute.cs: bfb9943dc4234f8038240348dd8c0237 -> 5ae90a36296d2fe83dd98e9361e907e8
  custom:scripting/monoscript/fileName/VoiceHandlerEditor.cs: 6d1fc3f99cef58f2cd761f7bff32d8f2 -> 
  custom:scripting/monoscript/fileName/cellular2x2.cs: 910f0614e94a5348f941ea0d56b2c568 -> 2eb29bf877494e27d7b8d68303a33727
  custom:scripting/monoscript/fileName/half.cs: d66ca18b1c3237e0e12e183e1878dc38 -> cf3f2b0bcee127ccdac6d87167bcc406
  custom:scripting/monoscript/fileName/RenderPipelineUtils.cs: 427390c97cce8e55ec0815f51454c0a8 -> 
  custom:scripting/monoscript/fileName/RenderSettingsHelper.cs: 1550ed09adc0a4ab5141845a2dfadcba -> 
  custom:scripting/monoscript/fileName/GltfAssetEditor.cs: acedfe1a6930a3043e648d8b0c3334a3 -> 
  custom:scripting/monoscript/fileName/Utils.cs: c218eacbbbaaf3a98fb69e78d195a84f -> 40c528c300bfc0733192292a788cb076
  custom:scripting/monoscript/fileName/AvatarLoaderSettings.cs: 7276921df0804bec5e1a3dc5c4c04e64 -> 
  custom:scripting/monoscript/fileName/IResponse.cs: 4cab66bd94cf7b2e7d833252e9107ef3 -> 
  custom:scripting/monoscript/fileName/InstantiationSettings.cs: e3c010e0ef7b92131158a998eac1826b -> 
  custom:scripting/monoscript/fileName/AccessorData.cs: a2be1bc50d8474cbeac7acd8f043bf0a -> 
  custom:scripting/monoscript/fileName/GlbBinChunk.cs: 46f6df09c8518e3dd8d00612851aee14 -> 
  custom:CustomObjectIndexerAttribute: 9a22284fe3817be447336de3de66b15e -> 
  custom:scripting/monoscript/fileName/classicnoise3D.cs: 910f0614e94a5348f941ea0d56b2c568 -> 2eb29bf877494e27d7b8d68303a33727
  custom:scripting/monoscript/fileName/LightPunctual.cs: 26f87fe627099f3da1ea9a5bc33f3144 -> 
  custom:scripting/monoscript/fileName/NEON_AArch64_rdma.cs: 68ba95faf7f0f0403852fb6af2a2f956 -> 
  custom:scripting/monoscript/fileName/ModuleInstaller.cs: 95f0a8122f20a1eb5c90b32e8ea5ab13 -> 
  custom:scripting/monoscript/fileName/CommonHeaders.cs: e21a00734a6d225272a6b91dd3dff7ad -> 
  custom:scripting/monoscript/fileName/FunctionPointerInvokeTransform.cs: 87582112a32f635e413c776846ec78de -> 
  custom:scripting/monoscript/fileName/GltfCamera.cs: 022242dec4409c9d8c03f6d682896ba6 -> 
  custom:scripting/monoscript/fileName/EyeAnimationHandlerEditor.cs: 73a33b1cbae182a9e66026a66072035c -> 
  custom:scripting/monoscript/fileName/float2x2.gen.cs: 43554c150c14083eb2313acaa2e78aeb -> f203c6ed52cbda2033cd1859a76ab02f
  custom:scripting/monoscript/fileName/AvatarBodyTypeTemplate.cs: 41c90e32ad987125977aee9b2b56eb6f -> 
  custom:scripting/monoscript/fileName/CecilExtensions.cs: 300205ae85edbb88d6c0c35c47681451 -> 
  custom:scripting/monoscript/fileName/AvatarBoneHelper.cs: d4c820fe55ec42d3c6d842b9896da3f0 -> 
  custom:scripting/monoscript/fileName/GameObjectExportSettings.cs: 105f6e04b8ab4e029fb4f88c7d63e3fe -> 
  custom:container-demuxer-webm: 4f35f7cbe854078d1ac9338744f61a02 -> 
  custom:scripting/monoscript/fileName/CustomLogHandler.cs: d8c37c50ce8ff5a768ff5ac0f83c60be -> 
  custom:scripting/monoscript/fileName/BurstDisassembler.Core.x86.info.cs: b15d06942db1ac71042be253eef84e7f -> 
  custom:scripting/monoscript/fileName/bool2x4.gen.cs: 43766066d40cfe4ff0038faa3bf06406 -> 0202187d1d97b3838c3acec749a94370
  custom:scripting/monoscript/fileName/ImageExportBase.cs: 1554f4deec7d14c77c3f8ed9369c4eb9 -> 
  custom:scripting/monoscript/fileName/uint2x3.gen.cs: a0bafa71da357e9ffdf41329e0e0b8ab -> dc149d5147f76ef2e3b7b3e87df71cde
  custom:scripting/monoscript/fileName/TextureExtensions.cs: 4b3a9beeab9b55d39609d0700cc039ca -> 
  custom:scripting/monoscript/fileName/VoiceHandler.cs: 402ecfbb99e3ad28c1a8662c7cfa72c5 -> 
  custom:scripting/monoscript/fileName/MatrixDrawer.cs: 8db100ecc54d49584518b132374bd945 -> 54f407ec7134aa445531b0da7f5e0ded
  custom:scripting/monoscript/fileName/AvatarManifest.cs: 221b08a5e2f902d2fac04a4aaba1c56e -> 
  custom:scripting/monoscript/fileName/BodyTypeConverter.cs: 75bc081b4cc9934d771a66bee407e0fe -> 
  custom:scripting/monoscript/fileName/GltfDeferAgentTemplate.cs: 80d68cd18fa7a07e21eecae2d841140b -> 
  custom:scripting/monoscript/fileName/float2x4.gen.cs: 14bf825e2338394967d25657f23195c2 -> 8f6e3792d53a47d3e0816efd26cbabde
  custom:scripting/monoscript/fileName/NamedObject.cs: f95dd6116e83a85880127f78ac2b85e9 -> 
  custom:scripting/monoscript/fileName/TextureTransform.cs: b0a4a443c993e30fee259d5ef0fb578c -> 
  custom:scripting/monoscript/fileName/DeleteAvatarElement.cs: 69060c486598def55cba093d1d6bf44a -> 
  custom:scripting/monoscript/fileName/ImportAddon.cs: fbf06aef3d5c027051df88fa49f51c16 -> 
  custom:scripting/monoscript/fileName/GltfAnimation.cs: 0acf5689a0bcc34eb8984b52cd2f372d -> 
  custom:scripting/monoscript/fileName/IDeferAgent.cs: c8758c5cbe5e66c1190e8ac0a7c3be24 -> 
  custom:scripting/monoscript/fileName/PackageManagerHelper.cs: 77fb70af782f8d3676313d1c50beccb7 -> 
  custom:scripting/monoscript/fileName/Accessor.cs: 229e324d4e8ab845a6e9c55779b638ab -> 
  custom:scripting/monoscript/fileName/ResponseTexture.cs: 4160f872cfe105c097260b91a59a26b7 -> 
  custom:scripting/monoscript/fileName/MaterialGenerator.cs: 7a1e84e4f59380e7e5239b3ef4c25b3a -> 
  custom:scripting/monoscript/fileName/AppIdTemplate.cs: 6158840a30a755581366e743dcc9c88b -> 
  custom:scripting/monoscript/fileName/GenderConverter.cs: 2dad7d9dd180f9ad9d5fd3db56b5dd88 -> 
  custom:scripting/monoscript/fileName/MeshMaterialCombination.cs: 0953e3d2825874483cd91d5315248f04 -> 
  custom:scripting/monoscript/fileName/int2x2.gen.cs: b89550457ed493745cf779e29d833419 -> 63739a46f5092b211c341383068e9d3a
  custom:scripting/monoscript/fileName/GltFastAvatarImporter.cs: 9f4efa88877b3a3867f6722cddc5d756 -> 
  custom:scripting/monoscript/fileName/SafeStringArrayHelper.cs: c8d46796c0d02dc9724140077fd6c374 -> 
  custom:scripting/monoscript/fileName/AvatarMorphTarget.cs: 503dbaadf99605070075ee4cac74dbad -> 
  custom:scripting/monoscript/fileName/AssetBodyShape.cs: c9e9dbdb245e2386a1145109dad77f87 -> 
  custom:scripting/monoscript/fileName/FunctionPointer.cs: b278ab85034025b7289bef45e0874487 -> 
  custom:scripting/monoscript/fileName/AvatarTemplateData.cs: e97ccaaf03f39ebe82cd43f175df5746 -> 
  custom:scripting/monoscript/fileName/ShaderGUIBase.cs: 7fb39a11e3e3d1eedd0f03177615d302 -> 
  custom:scripting/monoscript/fileName/CoreSettings.cs: 847d60602d08e18e9d04fa78f5936ba2 -> 
  custom:scripting/monoscript/fileName/bool2x3.gen.cs: a73639df76ec913064f3ac91f58b98c5 -> c45708c9bd53a8b7f658164314a10c61
  custom:scripting/monoscript/fileName/AccessorSparseValues.cs: db5840a84ec569c41d701e6c492d0de5 -> 
  custom:scripting/monoscript/fileName/Extensions.cs: 2f0c9f84c7a9b8d3dd04cd0b492d0472 -> 
  custom:scripting/monoscript/fileName/LoginElement.cs: f5eaab16152125d1434cee3a633b5f6a -> 
  custom:scripting/monoscript/fileName/GltFastGameObjectInstantiator.cs: 9c26532965a572abdfcc16220d67c852 -> 
  custom:scripting/monoscript/fileName/Sse2.cs: 790f25d56fba1e7a48c0a0766c0ad6a6 -> 
  custom:scripting/monoscript/fileName/MaterialPbrMetallicRoughness.cs: a9de34389ee8a9b91d27426e5454bf6a -> 
  custom:scripting/monoscript/fileName/math.cs: 84897ebc80325b58465d1a856e47c89e -> 3e1f77dfafdda862ef1fdae58189cdb5
  custom:scripting/monoscript/fileName/double4x3.gen.cs: d5e192211e239db73c016b47e641c333 -> 0f480b77cbe2235a6a07fec4a8104303
  custom:scripting/monoscript/fileName/BurstPlatformAotSettings.cs: e55a3d6d232eb892da58dcc30668a0b8 -> 
  custom:scripting/monoscript/fileName/BurstMath.cs: d94624ee519cab4bff493f67794b1527 -> 
  custom:scripting/monoscript/fileName/BurstReflection.cs: a904f9b2bf9ba0accae4702e11f47640 -> 
  custom:scripting/monoscript/fileName/int3.gen.cs: 9e9f576d507fb3936c89b523e378eb23 -> f3e7aece5ea81aaaacfae8f3b0dbf645
  custom:scripting/monoscript/fileName/quaternion.cs: 7189ca19bff9611f6da0aa0a9c59bf0b -> 0762c6482396ed4f34408952c0956647
  custom:scripting/monoscript/fileName/float4x4.gen.cs: cccf3207dd639016e8d0fc5b940ce646 -> a5bb36679a244217e37dd9fb5d3d2ed4
  custom:scripting/monoscript/fileName/double3x4.gen.cs: d966fefecbb21e1878e781b6e6eb9bc1 -> d3f6959e28d6480d7d5313a2c890e5a1
  custom:scripting/monoscript/fileName/BurstMenu.cs: ba8f72dcdc01403dc080f70f4b855f19 -> 
  custom:scripting/monoscript/fileName/half4.gen.cs: 0f1fcad15aa401d00bc4590770c4f62b -> abea9356568c8480c38dd790db58969d
  custom:scripting/monoscript/fileName/AuthorizedRequest.cs: 69ad8798115f32b0c0d0f8c06a978371 -> 
  custom:scripting/monoscript/fileName/ImageExport.cs: 1194f3416e2a5e5c133b7e4f04b26bfe -> 
  custom:scripting/monoscript/fileName/UserAvatarsResponse.cs: c2fc4d3b7c857ee3246ea7eedcea7c84 -> 
  custom:scripting/monoscript/fileName/ExportJobs.cs: 7dd5b3a3f2729a39b153a4a2bbeb05b1 -> 
  custom:scripting/monoscript/fileName/EyeAnimationHandler.cs: fe7006a1dbf14050871c8ff332455b78 -> 
  custom:scripting/monoscript/fileName/noise2D.cs: 910f0614e94a5348f941ea0d56b2c568 -> 2eb29bf877494e27d7b8d68303a33727
  custom:scripting/monoscript/fileName/IInstantiator.cs: f419a39dd0c345c63f46c3866387bc9d -> 
  custom:scripting/monoscript/fileName/AvatarDownloader.cs: 4a5bcdb5f771172add0ab46f0b0fd96e -> 
  custom:scripting/monoscript/fileName/AnimationChannel.cs: 67421bd163adeb7798a9c7fddd4bf5dd -> 
  custom:scripting/monoscript/fileName/BurstEditorOptions.cs: 9c5afa3a809e97579143a619b525af7f -> 
  custom:scripting/monoscript/fileName/bool2.gen.cs: 861fe78322050118fc595dc4284cae94 -> 26e96b66e2dc8fbd46eb4ce6284c510a
  custom:scripting/monoscript/fileName/GltfImporterEditor.cs: b8533bb5c5c506f0709f046574886b5e -> 
  custom:scripting/monoscript/fileName/GltfGlobals.cs: 9c51f72cbfa79f6cf9ae5b19d892dddc -> 
  custom:scripting/monoscript/fileName/VertexBufferConfig.cs: 90647cc400823b41df847a6cbfc29026 -> 
  custom:scripting/monoscript/fileName/WebRequestDispatcherExtension.cs: 15154b357bc9a8ec242052f13f188bf5 -> 
  custom:scripting/monoscript/fileName/ResponseFile.cs: 45bf1a1004e6a2b5ea84ff335b17882a -> 
  custom:scripting/monoscript/fileName/int3x2.gen.cs: 3102a78c1d8b0f67c6797c0bf649d991 -> 3713def57441460b7d8181bf2ebb068b
  custom:scripting/monoscript/fileName/random.cs: 9095e89a9c9a9233dfc5faa4dc75c33b -> 773187f16d25a3763332e4d0e08067fb
  custom:scripting/monoscript/fileName/ImportSettings.cs: dfcf42ac5db08e82f6fa467d53182cf4 -> 
  custom:scripting/monoscript/fileName/GLTFDeferAgent.cs: a1523fe6bf31b7b764617e4c0369d901 -> 
  custom:scripting/monoscript/fileName/ICodeLogger.cs: ad7cc465ac755f2f9d5fc784e4b6b805 -> 
  custom:scripting/monoscript/fileName/AvatarAPIRequests.cs: 6b11cd6b3f083c4571f85cd04b1a98c6 -> 
  custom:scripting/monoscript/fileName/float3x2.gen.cs: 545e8762f0e28e5bb1be1c472fa039dd -> c82cdc670988a624afef0b4a59da9960
  custom:scripting/monoscript/fileName/MeshPrimitive.cs: 7f1437fa42dae79b494ecab5e5fe5516 -> 
  custom:scripting/monoscript/fileName/int4x2.gen.cs: 06de189ab87954f032d6395001af7bcc -> 03019ae5b6ae2c22f6bcc41f109a6f3f
  custom:scripting/monoscript/fileName/LogoutElement.cs: f61e9a0fcc0e6f7f0deec3eb4ee8216b -> 
  custom:scripting/monoscript/fileName/MeshExtras.cs: 9b8d7991ec9c8537429cda14a3484de8 -> 
  custom:scripting/monoscript/fileName/AmplitudeEventLogger.cs: 184d3a78da3241958f746f3dcf6aeeb2 -> 
  custom:scripting/monoscript/fileName/GltfAssetDependency.cs: 173b9677138bbbca51daf5b3ac4c07ff -> 
  custom:scripting/monoscript/fileName/AmplitudeEditorLogger.cs: c716d8f667468b53bef8f251dc58cdbc -> 
  custom:scripting/monoscript/fileName/double3.gen.cs: 5154079fb312071cf35601a361004703 -> 377c7acd7948bf71aea5d8cf8236ee9b
  custom:scripting/monoscript/fileName/SkipLocalsInitAttribute.cs: e4f8d5a888902955673e1ed6a9dfb76a -> 
  custom:scripting/monoscript/fileName/AssumeRangeAttribute.cs: d3abc900d6b7c73addcf3398d2779a03 -> 
  custom:scripting/monoscript/fileName/Fma.cs: 550ccd401d2d76d5e362c6ec284ceeaa -> 
  custom:scripting/monoscript/fileName/IJsonObject.cs: ed865b683d584171e6dc07b14c7b4f61 -> 
  custom:scripting/monoscript/fileName/ImportSettingsEditor.cs: 20dc7c601773ea74daa9a51c42b21b12 -> 
  custom:scripting/monoscript/fileName/MetadataDownloader.cs: c8d80e695eb6bedce8b6ec0c7c11db9c -> 
  custom:scripting/monoscript/fileName/JsonWriter.cs: e669f18227240565fd9507d4de2ef387 -> 
  custom:scripting/monoscript/fileName/EnumExtensions.cs: 49b22220856615a60e5377d7d616de24 -> 872fcb89b813d64606e680211dede528
  custom:scripting/monoscript/fileName/float2x3.gen.cs: f18325e6146a706cc21256589a35acb7 -> dd8be2164b904b64628efafb474868f4
  custom:scripting/monoscript/fileName/GltfImporter.cs: 62aa7452bef1eaf272bb7c44b61201c2 -> 
  custom:scripting/monoscript/fileName/PhotoPrivacyTerms.cs: 292629796bf7a0bf382d48bc3384f45b -> 
  custom:video-encoder-webm-vp8: eb34c28f22e8b96e1ab97ce403110664 -> 
  custom:scripting/monoscript/fileName/Sse4_2.cs: 550ccd401d2d76d5e362c6ec284ceeaa -> 
  custom:scripting/monoscript/fileName/VertexStructs.cs: ae1f404b9426d3af36c9ddabf997777b -> 
  custom:scripting/monoscript/fileName/BuildPostProcessor.cs: 82d759a596fb58edb659d8a2cf5bf65e -> 
  custom:scripting/monoscript/fileName/SignupElement.cs: 5d4408a3987bc901e762cb325f11dd09 -> 
  custom:scripting/monoscript/fileName/GameObjectBoundsInstantiator.cs: 3b941340e3bff4274f54494bae188b28 -> 
  custom:scripting/monoscript/fileName/ImageCreateContext.cs: abcabfbedd7b6ce64ca993edb5e3f690 -> 
  custom:scripting/monoscript/fileName/AvatarListElement.cs: eb204dea4849f02d83e715b4264b05be -> 
  custom:scripting/monoscript/fileName/SamplerKey.cs: 8c126b8c331dc4430cf4497c3c1b89e0 -> 
  custom:scripting/monoscript/fileName/MessagePanel.cs: 221014bf702b3db4f9168817f34a91ed -> 
  custom:scripting/monoscript/fileName/OperationExecutor.cs: 90647cc400823b41df847a6cbfc29026 -> 
  custom:scripting/monoscript/fileName/CameraOrthographic.cs: 063ef90bb00ec0ad613139ea2b39bfd2 -> 
  custom:scripting/monoscript/fileName/AvatarMeshHelper.cs: cfb4b1cc904a64bd7db7be5c88d750f0 -> 
  custom:scripting/monoscript/fileName/Avx.cs: 790f25d56fba1e7a48c0a0766c0ad6a6 -> 
  custom:scripting/monoscript/fileName/MorphTargetContext.cs: 3bb6db0753bd4b90afbcf8be20e41cd7 -> 
  custom:scripting/monoscript/fileName/TextureInfo.cs: 9cff02f855c2b56703a6c62ce8456918 -> 
  custom:scripting/monoscript/fileName/WebRequestDispatcher.cs: cbb3055b238eee38fc7af1b7d6dae4bc -> 
  custom:scripting/monoscript/fileName/Ssse3.cs: 790f25d56fba1e7a48c0a0766c0ad6a6 -> 
  custom:scripting/monoscript/fileName/AssetAPIRequests.cs: 3cca9820ff521a8f41878d020d620b8c -> 
  custom:scripting/monoscript/fileName/AnalyticsRuntimeLogger.cs: da28bb3f974161714f995b72906827e0 -> 
  custom:scripting/monoscript/fileName/AvatarRenderHelper.cs: 0bbbb9a9867abebfba1b81e0944929ae -> 
  custom:scripting/monoscript/fileName/double2x4.gen.cs: a9aedae31eab942a01dd81f5ba23ebf4 -> 685c5fa921181be1c5c2624181389ad3
  custom:scripting/monoscript/fileName/Jobs.cs: e834231fc98840f565c51ea84f3e8427 -> 
  custom:scripting/monoscript/fileName/IBufferView.cs: c7f4444515f72836b4975d920ed20647 -> 
  custom:scripting/monoscript/fileName/uint4.gen.cs: 51a7f5c759ac89d78a4704a138bbec45 -> 39973cd09553f87c6828ba478621c98d
  custom:scripting/monoscript/fileName/SelectionElement.cs: d31e6c7a383a421894a0708fe036b153 -> 
  custom:scripting/monoscript/fileName/cellular2D.cs: 910f0614e94a5348f941ea0d56b2c568 -> 2eb29bf877494e27d7b8d68303a33727
  custom:scripting/monoscript/fileName/double2x3.gen.cs: ac0d6fc940b41f658b24853cf23739e5 -> 2fbeb18c538397a8260f5c41cab0741e
  custom:scripting/monoscript/fileName/Mathematics.cs: 96564f777d893219579f7cd1fafa7e92 -> 
  custom:scripting/monoscript/fileName/DracoExportSettings.cs: a65c16d08cd77d14b9decb8f9315341e -> 
  custom:scripting/monoscript/fileName/noise4D.cs: 910f0614e94a5348f941ea0d56b2c568 -> 2eb29bf877494e27d7b8d68303a33727
  custom:scripting/monoscript/fileName/BurstILPostProcessor.cs: caa97838ab13c1add4a98ae3f9820b7e -> 
  custom:scripting/monoscript/fileName/UninterruptedDefaultDeferAgent.cs: 7db7e6ab13629c614ccdddbd539069da -> 
  custom:scripting/monoscript/fileName/Mesh.cs: 4b606cbe4fb92a81565fde70d5f7e302 -> 
  custom:scripting/monoscript/fileName/LightPunctualExtension.cs: de1fc4d7452178fa7eb8147591d8cbf0 -> 
  custom:scripting/monoscript/fileName/AccessorSparseIndices.cs: f388c9bfc7f2d5ea1f6fbadb1630f1b4 -> 
  custom:scripting/monoscript/fileName/AvatarRenderLoader.cs: 3f620fb607e1f06c32b20ca17e878bc5 -> 
  custom:scripting/monoscript/fileName/EditorAvatarLoader.cs: 9bd13b6acb83b33b53953fbac7c00e8b -> 
  custom:scripting/monoscript/fileName/AppData.cs: 71a16bb43931f2c2952cccda33f6e609 -> 
  custom:scripting/monoscript/fileName/Sampler.cs: 1b560d20d140a0fe05c8fb2b3399954a -> 
  custom:scripting/monoscript/fileName/MeshPrimitiveExtensions.cs: d6ac0166a1556f69c04364db04583e45 -> 
  custom:scripting/monoscript/fileName/AssetTypeExtensions.cs: 87a11cd1616d3acf33db962ad05b0dc8 -> 
  custom:scripting/monoscript/fileName/DirectoryUtility.cs: c7f8240b9fdf11813583044b4c2b5a28 -> 
  custom:scripting/monoscript/fileName/CategoryHelper.cs: 8caa0fe32a453df6a87b98dea4c4649f -> 
  custom:scripting/monoscript/fileName/RuntimeDebugPanel.cs: ff548314be8871f1be0f0a0fc2247a12 -> 
  custom:scripting/monoscript/fileName/common.cs: 910f0614e94a5348f941ea0d56b2c568 -> 2eb29bf877494e27d7b8d68303a33727
  custom:scripting/monoscript/fileName/uint2x2.gen.cs: 34db4f212de91eba69f70b6af2f41d23 -> ef58eafb69337704525106c30b2f9c86
  custom:scripting/monoscript/fileName/float3x3.gen.cs: 7de503ab17ef781383880adc785d106c -> 48f350102ac697de2455487383306e62
  custom:scripting/monoscript/fileName/ModuleList.cs: 9e132eaa5ad02ff35cd7ed191b62b041 -> 
  custom:scripting/monoscript/fileName/RawImageExtensions.cs: c51bf89e5f83939d7d36bbde04ff85d4 -> 
  custom:scripting/monoscript/fileName/BurstCompilerOptions.cs: 462794c2cc7370a72a60909850bd4bd6 -> 
  custom:scripting/monoscript/fileName/AvatarRenderDownloader.cs: 58acb1d820bac8b8f38ef367c8e81b96 -> 
  custom:scripting/monoscript/fileName/float2.gen.cs: ccda4318c59b6be9ac0ec9d903bd32eb -> 6120954cdb3e1af6bb1e798ca56424e4
  custom:scripting/monoscript/fileName/NormalTextureInfo.cs: 50d1cf091e330d34c5513cb0e2930bdb -> 
  custom:scripting/monoscript/fileName/bool3x3.gen.cs: 754b61059993a0b49e4b0f1336d4eca5 -> f3dd982fcc1d0b33ec635c43c306a1b8
  custom:scripting/monoscript/fileName/BurstDisassembler.Core.LLVMIR.info.cs: b15d06942db1ac71042be253eef84e7f -> 
  custom:scripting/monoscript/fileName/NEON_AArch64_dotprod.cs: 68ba95faf7f0f0403852fb6af2a2f956 -> 
  custom:scripting/monoscript/fileName/BuiltInShaderGUI.cs: 12e6eaca736a75c699b528574dce79a8 -> 
  custom:scripting/monoscript/fileName/AmplitudeKeys.cs: ca9be0a4009f792357f5b17365fd5a35 -> 
  custom:scripting/monoscript/fileName/BurstStringSearch.cs: 69d0ecca394873c1593eee16bae2761c -> 
  custom:scripting/monoscript/fileName/double4x2.gen.cs: 84122ae38bb713fba1bd132464694529 -> 530f8410a1ca9a96d8c16e723573cfae
  custom:scripting/monoscript/fileName/Texture.cs: d7f55326360589d35a1bb85655067651 -> 
  custom:scripting/monoscript/fileName/PackageManagerEventListener.cs: 26cb59a839e6952366b5ab358f128dcb -> 
  custom:scripting/monoscript/fileName/PrimitiveVectorDrawer.cs: 29686ab5ff7580200bc34657b1e09832 -> 3e4cc385215599322653e09117c642ee
  custom:scripting/monoscript/fileName/Node.cs: e3db1889a3eb1f32456ad5d99c29bc4d -> 
  custom:scripting/monoscript/fileName/MenuEntries.cs: a2e0c91c0d02dccfd892abf4b35a4a4b -> 
  custom:scripting/monoscript/fileName/CreatedUser.cs: 96f49e7309db52b50dfd247902d19564 -> 
  custom:scripting/monoscript/fileName/Sse4_1.cs: 790f25d56fba1e7a48c0a0766c0ad6a6 -> 
  custom:scripting/monoscript/fileName/ILPostProcessing.cs: bf24e0d53d12752a069f04d5a4bfdf42 -> 
  custom:scripting/monoscript/fileName/ModelAssetProcessor.cs: 06b259f0833a06a252cbf16af5047dd5 -> 
  custom:scripting/monoscript/fileName/AnalyticsRuntimeLoggerExtension.cs: a1df2e708dfe0b8454f6045b6c97f535 -> 
